{"Version":"0.0.0","Data":{"CookingSaveManager":"{\"_cookingPotData\":[{\"RecipeId\":-1},{\"RecipeId\":-1},{\"RecipeId\":-1},{\"RecipeId\":-1},{\"RecipeId\":-1},{\"HasPot\":true,\"IsDoneCooking\":true,\"CurrentLiquidVolume\":500.0,\"RecipeId\":-521362042,\"CookTimeRemaining\":-0.223223925},{\"HasPot\":true,\"IsDoneCooking\":true,\"CurrentLiquidVolume\":2000.0,\"RecipeId\":-1959027832,\"CookTimeRemaining\":-0.1426787},{\"RecipeId\":-1},{\"RecipeId\":-1},{\"HasPot\":true,\"RecipeId\":-1},{\"RecipeId\":-1},{\"HasPot\":true,\"IsDoneCooking\":true,\"CurrentLiquidVolume\":500.0,\"RecipeId\":1603666500,\"CookTimeRemaining\":-0.355673552},{\"RecipeId\":-1},{\"RecipeId\":-1},{\"RecipeId\":-1}]}"}}