{"Version":"0.0.0","Data":{"Fires":"{\"Version\":\"0.0.0\",\"FiresPerStructureType\":{\"32\":[{\"PutOutChance\":1,\"Fuel\":0.0077175796,\"FuelDrainRate\":1.0},{\"PutOutChance\":1,\"Fuel\":0.0001,\"FuelDrainRate\":1.0},{\"PutOutChance\":1,\"Fuel\":0.0001,\"FuelDrainRate\":1.0},{\"PutOutChance\":1,\"Fuel\":0.0006205365,\"FuelDrainRate\":1.0},{\"PutOutChance\":1,\"Fuel\":0.0001,\"FuelDrainRate\":1.0},{\"PutOutChance\":1,\"Fuel\":0.0001,\"FuelDrainRate\":1.0},{\"Fuel\":0.00759989256,\"FuelDrainRate\":0.25},{\"PutOutChance\":-1,\"Fuel\":0.00771402335,\"FuelDrainRate\":0.25},{\"PutOutChance\":1,\"Fuel\":0.0001,\"FuelDrainRate\":1.0},{\"PutOutChance\":1,\"Fuel\":0.006532256,\"FuelDrainRate\":0.25},{\"Fuel\":0.008879773,\"FuelDrainRate\":0.0999999642},{\"PutOutChance\":1,\"Fuel\":0.009821905,\"FuelDrainRate\":0.25},{\"PutOutChance\":1,\"Fuel\":0.00567621,\"FuelDrainRate\":1.0},{\"Fuel\":0.0001,\"FuelDrainRate\":1.0},{\"PutOutChance\":1,\"Fuel\":0.0001,\"FuelDrainRate\":1.0}]}}"}}