{"Version":"0.0.0","Data":{"FreeFormFreeLinksManager":"{\"_supportingStructuresData\":[{\"Structure\":{\"_typeId\":3,\"_instanceId\":12},\"List\":[{\"_typeId\":25,\"_instanceId\":3}]},{\"Structure\":{\"_typeId\":4,\"_instanceId\":7},\"List\":[{\"_typeId\":42,\"_instanceId\":1},{\"_typeId\":42,\"_instanceId\":2}]},{\"Structure\":{\"_typeId\":4,\"_instanceId\":86},\"List\":[{\"_typeId\":42,\"_instanceId\":3},{\"_typeId\":42,\"_instanceId\":4}]},{\"Structure\":{\"_typeId\":4,\"_instanceId\":85},\"List\":[{\"_typeId\":42,\"_instanceId\":5},{\"_typeId\":42,\"_instanceId\":6}]},{\"Structure\":{\"_typeId\":4,\"_instanceId\":84},\"List\":[{\"_typeId\":42,\"_instanceId\":7},{\"_typeId\":42,\"_instanceId\":8},{\"_typeId\":42,\"_instanceId\":9}]},{\"Structure\":{\"_typeId\":4,\"_instanceId\":87},\"List\":[{\"_typeId\":42,\"_instanceId\":10},{\"_typeId\":42,\"_instanceId\":11}]},{\"Structure\":{\"_typeId\":4,\"_instanceId\":93},\"List\":[{\"_typeId\":42,\"_instanceId\":12},{\"_typeId\":42,\"_instanceId\":13}]},{\"Structure\":{\"_typeId\":4,\"_instanceId\":82},\"List\":[{\"_typeId\":42,\"_instanceId\":14},{\"_typeId\":42,\"_instanceId\":24}]},{\"Structure\":{\"_typeId\":4,\"_instanceId\":74},\"List\":[{\"_typeId\":42,\"_instanceId\":15},{\"_typeId\":42,\"_instanceId\":16}]},{\"Structure\":{\"_typeId\":4,\"_instanceId\":72},\"List\":[{\"_typeId\":42,\"_instanceId\":17},{\"_typeId\":42,\"_instanceId\":18},{\"_typeId\":42,\"_instanceId\":19}]},{\"Structure\":{\"_typeId\":4,\"_instanceId\":77},\"List\":[{\"_typeId\":42,\"_instanceId\":20},{\"_typeId\":42,\"_instanceId\":21}]},{\"Structure\":{\"_typeId\":4,\"_instanceId\":92},\"List\":[{\"_typeId\":42,\"_instanceId\":22},{\"_typeId\":42,\"_instanceId\":23}]},{\"Structure\":{\"_typeId\":4,\"_instanceId\":81},\"List\":[{\"_typeId\":42,\"_instanceId\":25},{\"_typeId\":42,\"_instanceId\":26}]},{\"Structure\":{\"_typeId\":4,\"_instanceId\":89},\"List\":[{\"_typeId\":42,\"_instanceId\":27},{\"_typeId\":42,\"_instanceId\":28},{\"_typeId\":42,\"_instanceId\":29}]},{\"Structure\":{\"_typeId\":4,\"_instanceId\":73},\"List\":[{\"_typeId\":42,\"_instanceId\":30},{\"_typeId\":42,\"_instanceId\":31}]},{\"Structure\":{\"_typeId\":4,\"_instanceId\":78},\"List\":[{\"_typeId\":42,\"_instanceId\":32},{\"_typeId\":42,\"_instanceId\":33},{\"_typeId\":42,\"_instanceId\":34}]},{\"Structure\":{\"_typeId\":4,\"_instanceId\":94},\"List\":[{\"_typeId\":42,\"_instanceId\":35},{\"_typeId\":42,\"_instanceId\":72}]},{\"Structure\":{\"_typeId\":4,\"_instanceId\":83},\"List\":[{\"_typeId\":42,\"_instanceId\":36},{\"_typeId\":42,\"_instanceId\":37}]},{\"Structure\":{\"_typeId\":4,\"_instanceId\":76},\"List\":[{\"_typeId\":42,\"_instanceId\":38},{\"_typeId\":42,\"_instanceId\":39},{\"_typeId\":42,\"_instanceId\":40}]},{\"Structure\":{\"_typeId\":4,\"_instanceId\":75},\"List\":[{\"_typeId\":42,\"_instanceId\":41},{\"_typeId\":42,\"_instanceId\":42}]},{\"Structure\":{\"_typeId\":4,\"_instanceId\":90},\"List\":[{\"_typeId\":42,\"_instanceId\":43},{\"_typeId\":42,\"_instanceId\":44},{\"_typeId\":42,\"_instanceId\":45}]},{\"Structure\":{\"_typeId\":4,\"_instanceId\":95},\"List\":[{\"_typeId\":42,\"_instanceId\":46},{\"_typeId\":42,\"_instanceId\":71}]},{\"Structure\":{\"_typeId\":4,\"_instanceId\":80},\"List\":[{\"_typeId\":42,\"_instanceId\":47},{\"_typeId\":42,\"_instanceId\":48}]},{\"Structure\":{\"_typeId\":4,\"_instanceId\":71},\"List\":[{\"_typeId\":42,\"_instanceId\":49},{\"_typeId\":42,\"_instanceId\":50},{\"_typeId\":42,\"_instanceId\":51}]},{\"Structure\":{\"_typeId\":4,\"_instanceId\":79},\"List\":[{\"_typeId\":42,\"_instanceId\":52},{\"_typeId\":42,\"_instanceId\":53}]},{\"Structure\":{\"_typeId\":4,\"_instanceId\":91},\"List\":[{\"_typeId\":42,\"_instanceId\":54},{\"_typeId\":42,\"_instanceId\":55},{\"_typeId\":42,\"_instanceId\":56}]},{\"Structure\":{\"_typeId\":4,\"_instanceId\":96},\"List\":[{\"_typeId\":42,\"_instanceId\":57},{\"_typeId\":42,\"_instanceId\":70}]},{\"Structure\":{\"_typeId\":4,\"_instanceId\":98},\"List\":[{\"_typeId\":42,\"_instanceId\":58},{\"_typeId\":42,\"_instanceId\":59}]},{\"Structure\":{\"_typeId\":4,\"_instanceId\":70},\"List\":[{\"_typeId\":42,\"_instanceId\":60},{\"_typeId\":42,\"_instanceId\":61},{\"_typeId\":42,\"_instanceId\":62}]},{\"Structure\":{\"_typeId\":4,\"_instanceId\":69},\"List\":[{\"_typeId\":42,\"_instanceId\":63},{\"_typeId\":42,\"_instanceId\":64}]},{\"Structure\":{\"_typeId\":4,\"_instanceId\":88},\"List\":[{\"_typeId\":42,\"_instanceId\":65},{\"_typeId\":42,\"_instanceId\":66},{\"_typeId\":42,\"_instanceId\":67}]},{\"Structure\":{\"_typeId\":4,\"_instanceId\":97},\"List\":[{\"_typeId\":42,\"_instanceId\":68},{\"_typeId\":42,\"_instanceId\":69}]},{\"Structure\":{\"_typeId\":3,\"_instanceId\":385},\"List\":[{\"_typeId\":41,\"_instanceId\":18},{\"_typeId\":41,\"_instanceId\":24}]},{\"Structure\":{\"_typeId\":42,\"_instanceId\":13},\"List\":[{\"_typeId\":41,\"_instanceId\":18}]},{\"Structure\":{\"_typeId\":42,\"_instanceId\":12},\"List\":[{\"_typeId\":41,\"_instanceId\":25},{\"_typeId\":41,\"_instanceId\":27},{\"_typeId\":41,\"_instanceId\":32}]},{\"Structure\":{\"_typeId\":43,\"_instanceId\":6},\"List\":[{\"_typeId\":41,\"_instanceId\":24}]},{\"Structure\":{\"_typeId\":3,\"_instanceId\":392},\"List\":[{\"_typeId\":41,\"_instanceId\":25}]},{\"Structure\":{\"_typeId\":3,\"_instanceId\":353},\"List\":[{\"_typeId\":41,\"_instanceId\":26},{\"_typeId\":41,\"_instanceId\":29}]},{\"Structure\":{\"_typeId\":3,\"_instanceId\":394},\"List\":[{\"_typeId\":41,\"_instanceId\":26},{\"_typeId\":41,\"_instanceId\":30}]},{\"Structure\":{\"_typeId\":3,\"_instanceId\":344},\"List\":[{\"_typeId\":41,\"_instanceId\":27}]},{\"Structure\":{\"_typeId\":3,\"_instanceId\":372},\"List\":[{\"_typeId\":41,\"_instanceId\":28}]},{\"Structure\":{\"_typeId\":3,\"_instanceId\":304},\"List\":[{\"_typeId\":41,\"_instanceId\":28}]},{\"Structure\":{\"_typeId\":3,\"_instanceId\":109},\"List\":[{\"_typeId\":41,\"_instanceId\":29},{\"_typeId\":41,\"_instanceId\":30},{\"_typeId\":41,\"_instanceId\":31}]},{\"Structure\":{\"_typeId\":3,\"_instanceId\":75},\"List\":[{\"_typeId\":41,\"_instanceId\":31}]},{\"Structure\":{\"_typeId\":43,\"_instanceId\":3},\"List\":[{\"_typeId\":41,\"_instanceId\":32}]},{\"Structure\":{\"_typeId\":4,\"_instanceId\":44},\"List\":[{\"_typeId\":32,\"_instanceId\":10}]},{\"Structure\":{\"_typeId\":11,\"_instanceId\":3},\"List\":[{\"_typeId\":32,\"_instanceId\":11}]},{\"Structure\":{\"_typeId\":42,\"_instanceId\":11},\"List\":[{\"_typeId\":41,\"_instanceId\":78}]},{\"Structure\":{\"_typeId\":42,\"_instanceId\":10},\"List\":[{\"_typeId\":41,\"_instanceId\":74}]},{\"Structure\":{\"_typeId\":3,\"_instanceId\":283},\"List\":[{\"_typeId\":41,\"_instanceId\":72}]},{\"Structure\":{\"_typeId\":42,\"_instanceId\":8},\"List\":[{\"_typeId\":41,\"_instanceId\":72}]},{\"Structure\":{\"_typeId\":3,\"_instanceId\":313},\"List\":[{\"_typeId\":41,\"_instanceId\":74}]},{\"Structure\":{\"_typeId\":3,\"_instanceId\":302},\"List\":[{\"_typeId\":41,\"_instanceId\":78}]},{\"Structure\":{\"_typeId\":29,\"_instanceId\":2},\"List\":[{\"_typeId\":25,\"_instanceId\":4},{\"_typeId\":25,\"_instanceId\":12}]},{\"Structure\":{\"_typeId\":29,\"_instanceId\":4},\"List\":[{\"_typeId\":25,\"_instanceId\":5}]},{\"Structure\":{\"_typeId\":29,\"_instanceId\":1},\"List\":[{\"_typeId\":25,\"_instanceId\":7}]},{\"Structure\":{\"_typeId\":29,\"_instanceId\":10},\"List\":[{\"_typeId\":25,\"_instanceId\":8},{\"_typeId\":25,\"_instanceId\":14}]},{\"Structure\":{\"_typeId\":29,\"_instanceId\":9},\"List\":[{\"_typeId\":25,\"_instanceId\":9},{\"_typeId\":25,\"_instanceId\":13}]},{\"Structure\":{\"_typeId\":29,\"_instanceId\":7},\"List\":[{\"_typeId\":25,\"_instanceId\":10},{\"_typeId\":25,\"_instanceId\":11}]},{\"Structure\":{\"_typeId\":3,\"_instanceId\":159},\"List\":[{\"_typeId\":41,\"_instanceId\":88}]},{\"Structure\":{\"_typeId\":3,\"_instanceId\":173},\"List\":[{\"_typeId\":41,\"_instanceId\":88}]},{\"Structure\":{\"_typeId\":5,\"_instanceId\":4},\"List\":[{\"_typeId\":42,\"_instanceId\":73}]},{\"Structure\":{\"_typeId\":42,\"_instanceId\":73},\"List\":[{\"_typeId\":41,\"_instanceId\":89}]},{\"Structure\":{\"_typeId\":5,\"_instanceId\":2},\"List\":[{\"_typeId\":42,\"_instanceId\":74}]},{\"Structure\":{\"_typeId\":3,\"_instanceId\":160},\"List\":[{\"_typeId\":41,\"_instanceId\":89}]},{\"Structure\":{\"_typeId\":5,\"_instanceId\":36},\"List\":[{\"_typeId\":42,\"_instanceId\":75}]},{\"Structure\":{\"_typeId\":5,\"_instanceId\":35},\"List\":[{\"_typeId\":42,\"_instanceId\":76}]},{\"Structure\":{\"_typeId\":5,\"_instanceId\":32},\"List\":[{\"_typeId\":42,\"_instanceId\":77}]},{\"Structure\":{\"_typeId\":5,\"_instanceId\":30},\"List\":[{\"_typeId\":42,\"_instanceId\":78}]},{\"Structure\":{\"_typeId\":5,\"_instanceId\":29},\"List\":[{\"_typeId\":42,\"_instanceId\":79}]},{\"Structure\":{\"_typeId\":5,\"_instanceId\":26},\"List\":[{\"_typeId\":42,\"_instanceId\":80}]},{\"Structure\":{\"_typeId\":5,\"_instanceId\":16},\"List\":[{\"_typeId\":42,\"_instanceId\":81}]},{\"Structure\":{\"_typeId\":5,\"_instanceId\":15},\"List\":[{\"_typeId\":42,\"_instanceId\":82}]},{\"Structure\":{\"_typeId\":5,\"_instanceId\":9},\"List\":[{\"_typeId\":42,\"_instanceId\":83}]},{\"Structure\":{\"_typeId\":5,\"_instanceId\":8},\"List\":[{\"_typeId\":42,\"_instanceId\":84}]},{\"Structure\":{\"_typeId\":5,\"_instanceId\":12},\"List\":[{\"_typeId\":42,\"_instanceId\":85}]},{\"Structure\":{\"_typeId\":5,\"_instanceId\":17},\"List\":[{\"_typeId\":42,\"_instanceId\":86}]},{\"Structure\":{\"_typeId\":5,\"_instanceId\":22},\"List\":[{\"_typeId\":42,\"_instanceId\":87}]},{\"Structure\":{\"_typeId\":5,\"_instanceId\":24},\"List\":[{\"_typeId\":42,\"_instanceId\":88}]}],\"_supportedByStructuresData\":[{\"Structure\":{\"_typeId\":25,\"_instanceId\":3},\"List\":[{\"_typeId\":3,\"_instanceId\":12}]},{\"Structure\":{\"_typeId\":42,\"_instanceId\":1},\"List\":[{\"_typeId\":4,\"_instanceId\":7}]},{\"Structure\":{\"_typeId\":42,\"_instanceId\":2},\"List\":[{\"_typeId\":4,\"_instanceId\":7}]},{\"Structure\":{\"_typeId\":42,\"_instanceId\":3},\"List\":[{\"_typeId\":4,\"_instanceId\":86}]},{\"Structure\":{\"_typeId\":42,\"_instanceId\":4},\"List\":[{\"_typeId\":4,\"_instanceId\":86}]},{\"Structure\":{\"_typeId\":42,\"_instanceId\":5},\"List\":[{\"_typeId\":4,\"_instanceId\":85}]},{\"Structure\":{\"_typeId\":42,\"_instanceId\":6},\"List\":[{\"_typeId\":4,\"_instanceId\":85}]},{\"Structure\":{\"_typeId\":42,\"_instanceId\":7},\"List\":[{\"_typeId\":4,\"_instanceId\":84}]},{\"Structure\":{\"_typeId\":42,\"_instanceId\":8},\"List\":[{\"_typeId\":4,\"_instanceId\":84}]},{\"Structure\":{\"_typeId\":42,\"_instanceId\":9},\"List\":[{\"_typeId\":4,\"_instanceId\":84}]},{\"Structure\":{\"_typeId\":42,\"_instanceId\":10},\"List\":[{\"_typeId\":4,\"_instanceId\":87}]},{\"Structure\":{\"_typeId\":42,\"_instanceId\":11},\"List\":[{\"_typeId\":4,\"_instanceId\":87}]},{\"Structure\":{\"_typeId\":42,\"_instanceId\":12},\"List\":[{\"_typeId\":4,\"_instanceId\":93}]},{\"Structure\":{\"_typeId\":42,\"_instanceId\":13},\"List\":[{\"_typeId\":4,\"_instanceId\":93}]},{\"Structure\":{\"_typeId\":42,\"_instanceId\":14},\"List\":[{\"_typeId\":4,\"_instanceId\":82}]},{\"Structure\":{\"_typeId\":42,\"_instanceId\":15},\"List\":[{\"_typeId\":4,\"_instanceId\":74}]},{\"Structure\":{\"_typeId\":42,\"_instanceId\":16},\"List\":[{\"_typeId\":4,\"_instanceId\":74}]},{\"Structure\":{\"_typeId\":42,\"_instanceId\":17},\"List\":[{\"_typeId\":4,\"_instanceId\":72}]},{\"Structure\":{\"_typeId\":42,\"_instanceId\":18},\"List\":[{\"_typeId\":4,\"_instanceId\":72}]},{\"Structure\":{\"_typeId\":42,\"_instanceId\":19},\"List\":[{\"_typeId\":4,\"_instanceId\":72}]},{\"Structure\":{\"_typeId\":42,\"_instanceId\":20},\"List\":[{\"_typeId\":4,\"_instanceId\":77}]},{\"Structure\":{\"_typeId\":42,\"_instanceId\":21},\"List\":[{\"_typeId\":4,\"_instanceId\":77}]},{\"Structure\":{\"_typeId\":42,\"_instanceId\":22},\"List\":[{\"_typeId\":4,\"_instanceId\":92}]},{\"Structure\":{\"_typeId\":42,\"_instanceId\":23},\"List\":[{\"_typeId\":4,\"_instanceId\":92}]},{\"Structure\":{\"_typeId\":42,\"_instanceId\":24},\"List\":[{\"_typeId\":4,\"_instanceId\":82}]},{\"Structure\":{\"_typeId\":42,\"_instanceId\":25},\"List\":[{\"_typeId\":4,\"_instanceId\":81}]},{\"Structure\":{\"_typeId\":42,\"_instanceId\":26},\"List\":[{\"_typeId\":4,\"_instanceId\":81}]},{\"Structure\":{\"_typeId\":42,\"_instanceId\":27},\"List\":[{\"_typeId\":4,\"_instanceId\":89}]},{\"Structure\":{\"_typeId\":42,\"_instanceId\":28},\"List\":[{\"_typeId\":4,\"_instanceId\":89}]},{\"Structure\":{\"_typeId\":42,\"_instanceId\":29},\"List\":[{\"_typeId\":4,\"_instanceId\":89}]},{\"Structure\":{\"_typeId\":42,\"_instanceId\":30},\"List\":[{\"_typeId\":4,\"_instanceId\":73}]},{\"Structure\":{\"_typeId\":42,\"_instanceId\":31},\"List\":[{\"_typeId\":4,\"_instanceId\":73}]},{\"Structure\":{\"_typeId\":42,\"_instanceId\":32},\"List\":[{\"_typeId\":4,\"_instanceId\":78}]},{\"Structure\":{\"_typeId\":42,\"_instanceId\":33},\"List\":[{\"_typeId\":4,\"_instanceId\":78}]},{\"Structure\":{\"_typeId\":42,\"_instanceId\":34},\"List\":[{\"_typeId\":4,\"_instanceId\":78}]},{\"Structure\":{\"_typeId\":42,\"_instanceId\":35},\"List\":[{\"_typeId\":4,\"_instanceId\":94}]},{\"Structure\":{\"_typeId\":42,\"_instanceId\":36},\"List\":[{\"_typeId\":4,\"_instanceId\":83}]},{\"Structure\":{\"_typeId\":42,\"_instanceId\":37},\"List\":[{\"_typeId\":4,\"_instanceId\":83}]},{\"Structure\":{\"_typeId\":42,\"_instanceId\":38},\"List\":[{\"_typeId\":4,\"_instanceId\":76}]},{\"Structure\":{\"_typeId\":42,\"_instanceId\":39},\"List\":[{\"_typeId\":4,\"_instanceId\":76}]},{\"Structure\":{\"_typeId\":42,\"_instanceId\":40},\"List\":[{\"_typeId\":4,\"_instanceId\":76}]},{\"Structure\":{\"_typeId\":42,\"_instanceId\":41},\"List\":[{\"_typeId\":4,\"_instanceId\":75}]},{\"Structure\":{\"_typeId\":42,\"_instanceId\":42},\"List\":[{\"_typeId\":4,\"_instanceId\":75}]},{\"Structure\":{\"_typeId\":42,\"_instanceId\":43},\"List\":[{\"_typeId\":4,\"_instanceId\":90}]},{\"Structure\":{\"_typeId\":42,\"_instanceId\":44},\"List\":[{\"_typeId\":4,\"_instanceId\":90}]},{\"Structure\":{\"_typeId\":42,\"_instanceId\":45},\"List\":[{\"_typeId\":4,\"_instanceId\":90}]},{\"Structure\":{\"_typeId\":42,\"_instanceId\":46},\"List\":[{\"_typeId\":4,\"_instanceId\":95}]},{\"Structure\":{\"_typeId\":42,\"_instanceId\":47},\"List\":[{\"_typeId\":4,\"_instanceId\":80}]},{\"Structure\":{\"_typeId\":42,\"_instanceId\":48},\"List\":[{\"_typeId\":4,\"_instanceId\":80}]},{\"Structure\":{\"_typeId\":42,\"_instanceId\":49},\"List\":[{\"_typeId\":4,\"_instanceId\":71}]},{\"Structure\":{\"_typeId\":42,\"_instanceId\":50},\"List\":[{\"_typeId\":4,\"_instanceId\":71}]},{\"Structure\":{\"_typeId\":42,\"_instanceId\":51},\"List\":[{\"_typeId\":4,\"_instanceId\":71}]},{\"Structure\":{\"_typeId\":42,\"_instanceId\":52},\"List\":[{\"_typeId\":4,\"_instanceId\":79}]},{\"Structure\":{\"_typeId\":42,\"_instanceId\":53},\"List\":[{\"_typeId\":4,\"_instanceId\":79}]},{\"Structure\":{\"_typeId\":42,\"_instanceId\":54},\"List\":[{\"_typeId\":4,\"_instanceId\":91}]},{\"Structure\":{\"_typeId\":42,\"_instanceId\":55},\"List\":[{\"_typeId\":4,\"_instanceId\":91}]},{\"Structure\":{\"_typeId\":42,\"_instanceId\":56},\"List\":[{\"_typeId\":4,\"_instanceId\":91}]},{\"Structure\":{\"_typeId\":42,\"_instanceId\":57},\"List\":[{\"_typeId\":4,\"_instanceId\":96}]},{\"Structure\":{\"_typeId\":42,\"_instanceId\":58},\"List\":[{\"_typeId\":4,\"_instanceId\":98}]},{\"Structure\":{\"_typeId\":42,\"_instanceId\":59},\"List\":[{\"_typeId\":4,\"_instanceId\":98}]},{\"Structure\":{\"_typeId\":42,\"_instanceId\":60},\"List\":[{\"_typeId\":4,\"_instanceId\":70}]},{\"Structure\":{\"_typeId\":42,\"_instanceId\":61},\"List\":[{\"_typeId\":4,\"_instanceId\":70}]},{\"Structure\":{\"_typeId\":42,\"_instanceId\":62},\"List\":[{\"_typeId\":4,\"_instanceId\":70}]},{\"Structure\":{\"_typeId\":42,\"_instanceId\":63},\"List\":[{\"_typeId\":4,\"_instanceId\":69}]},{\"Structure\":{\"_typeId\":42,\"_instanceId\":64},\"List\":[{\"_typeId\":4,\"_instanceId\":69}]},{\"Structure\":{\"_typeId\":42,\"_instanceId\":65},\"List\":[{\"_typeId\":4,\"_instanceId\":88}]},{\"Structure\":{\"_typeId\":42,\"_instanceId\":66},\"List\":[{\"_typeId\":4,\"_instanceId\":88}]},{\"Structure\":{\"_typeId\":42,\"_instanceId\":67},\"List\":[{\"_typeId\":4,\"_instanceId\":88}]},{\"Structure\":{\"_typeId\":42,\"_instanceId\":68},\"List\":[{\"_typeId\":4,\"_instanceId\":97}]},{\"Structure\":{\"_typeId\":42,\"_instanceId\":69},\"List\":[{\"_typeId\":4,\"_instanceId\":97}]},{\"Structure\":{\"_typeId\":42,\"_instanceId\":70},\"List\":[{\"_typeId\":4,\"_instanceId\":96}]},{\"Structure\":{\"_typeId\":42,\"_instanceId\":71},\"List\":[{\"_typeId\":4,\"_instanceId\":95}]},{\"Structure\":{\"_typeId\":42,\"_instanceId\":72},\"List\":[{\"_typeId\":4,\"_instanceId\":94}]},{\"Structure\":{\"_typeId\":41,\"_instanceId\":18},\"List\":[{\"_typeId\":42,\"_instanceId\":13},{\"_typeId\":3,\"_instanceId\":385}]},{\"Structure\":{\"_typeId\":41,\"_instanceId\":24},\"List\":[{\"_typeId\":3,\"_instanceId\":385},{\"_typeId\":43,\"_instanceId\":6}]},{\"Structure\":{\"_typeId\":41,\"_instanceId\":25},\"List\":[{\"_typeId\":42,\"_instanceId\":12},{\"_typeId\":3,\"_instanceId\":392}]},{\"Structure\":{\"_typeId\":41,\"_instanceId\":26},\"List\":[{\"_typeId\":3,\"_instanceId\":353},{\"_typeId\":3,\"_instanceId\":394}]},{\"Structure\":{\"_typeId\":41,\"_instanceId\":27},\"List\":[{\"_typeId\":42,\"_instanceId\":12},{\"_typeId\":3,\"_instanceId\":344}]},{\"Structure\":{\"_typeId\":41,\"_instanceId\":28},\"List\":[{\"_typeId\":3,\"_instanceId\":372},{\"_typeId\":3,\"_instanceId\":304}]},{\"Structure\":{\"_typeId\":41,\"_instanceId\":29},\"List\":[{\"_typeId\":3,\"_instanceId\":353},{\"_typeId\":3,\"_instanceId\":109}]},{\"Structure\":{\"_typeId\":41,\"_instanceId\":30},\"List\":[{\"_typeId\":3,\"_instanceId\":109},{\"_typeId\":3,\"_instanceId\":394}]},{\"Structure\":{\"_typeId\":41,\"_instanceId\":31},\"List\":[{\"_typeId\":3,\"_instanceId\":75},{\"_typeId\":3,\"_instanceId\":109}]},{\"Structure\":{\"_typeId\":41,\"_instanceId\":32},\"List\":[{\"_typeId\":42,\"_instanceId\":12},{\"_typeId\":43,\"_instanceId\":3}]},{\"Structure\":{\"_typeId\":32,\"_instanceId\":10},\"List\":[{\"_typeId\":4,\"_instanceId\":44}]},{\"Structure\":{\"_typeId\":32,\"_instanceId\":11},\"List\":[{\"_typeId\":11,\"_instanceId\":3}]},{\"Structure\":{\"_typeId\":41,\"_instanceId\":78},\"List\":[{\"_typeId\":42,\"_instanceId\":11},{\"_typeId\":3,\"_instanceId\":302}]},{\"Structure\":{\"_typeId\":41,\"_instanceId\":72},\"List\":[{\"_typeId\":42,\"_instanceId\":8},{\"_typeId\":3,\"_instanceId\":283}]},{\"Structure\":{\"_typeId\":41,\"_instanceId\":74},\"List\":[{\"_typeId\":42,\"_instanceId\":10},{\"_typeId\":3,\"_instanceId\":313}]},{\"Structure\":{\"_typeId\":25,\"_instanceId\":4},\"List\":[{\"_typeId\":29,\"_instanceId\":2}]},{\"Structure\":{\"_typeId\":25,\"_instanceId\":5},\"List\":[{\"_typeId\":29,\"_instanceId\":4}]},{\"Structure\":{\"_typeId\":25,\"_instanceId\":7},\"List\":[{\"_typeId\":29,\"_instanceId\":1}]},{\"Structure\":{\"_typeId\":25,\"_instanceId\":8},\"List\":[{\"_typeId\":29,\"_instanceId\":10}]},{\"Structure\":{\"_typeId\":25,\"_instanceId\":9},\"List\":[{\"_typeId\":29,\"_instanceId\":9}]},{\"Structure\":{\"_typeId\":25,\"_instanceId\":10},\"List\":[{\"_typeId\":29,\"_instanceId\":7}]},{\"Structure\":{\"_typeId\":25,\"_instanceId\":11},\"List\":[{\"_typeId\":29,\"_instanceId\":7}]},{\"Structure\":{\"_typeId\":25,\"_instanceId\":12},\"List\":[{\"_typeId\":29,\"_instanceId\":2}]},{\"Structure\":{\"_typeId\":25,\"_instanceId\":13},\"List\":[{\"_typeId\":29,\"_instanceId\":9}]},{\"Structure\":{\"_typeId\":25,\"_instanceId\":14},\"List\":[{\"_typeId\":29,\"_instanceId\":10}]},{\"Structure\":{\"_typeId\":41,\"_instanceId\":88},\"List\":[{\"_typeId\":3,\"_instanceId\":173},{\"_typeId\":3,\"_instanceId\":159}]},{\"Structure\":{\"_typeId\":42,\"_instanceId\":73},\"List\":[{\"_typeId\":5,\"_instanceId\":4}]},{\"Structure\":{\"_typeId\":42,\"_instanceId\":74},\"List\":[{\"_typeId\":5,\"_instanceId\":2}]},{\"Structure\":{\"_typeId\":41,\"_instanceId\":89},\"List\":[{\"_typeId\":42,\"_instanceId\":73},{\"_typeId\":3,\"_instanceId\":160}]},{\"Structure\":{\"_typeId\":42,\"_instanceId\":75},\"List\":[{\"_typeId\":5,\"_instanceId\":36}]},{\"Structure\":{\"_typeId\":42,\"_instanceId\":76},\"List\":[{\"_typeId\":5,\"_instanceId\":35}]},{\"Structure\":{\"_typeId\":42,\"_instanceId\":77},\"List\":[{\"_typeId\":5,\"_instanceId\":32}]},{\"Structure\":{\"_typeId\":42,\"_instanceId\":78},\"List\":[{\"_typeId\":5,\"_instanceId\":30}]},{\"Structure\":{\"_typeId\":42,\"_instanceId\":79},\"List\":[{\"_typeId\":5,\"_instanceId\":29}]},{\"Structure\":{\"_typeId\":42,\"_instanceId\":80},\"List\":[{\"_typeId\":5,\"_instanceId\":26}]},{\"Structure\":{\"_typeId\":42,\"_instanceId\":81},\"List\":[{\"_typeId\":5,\"_instanceId\":16}]},{\"Structure\":{\"_typeId\":42,\"_instanceId\":82},\"List\":[{\"_typeId\":5,\"_instanceId\":15}]},{\"Structure\":{\"_typeId\":42,\"_instanceId\":83},\"List\":[{\"_typeId\":5,\"_instanceId\":9}]},{\"Structure\":{\"_typeId\":42,\"_instanceId\":84},\"List\":[{\"_typeId\":5,\"_instanceId\":8}]},{\"Structure\":{\"_typeId\":42,\"_instanceId\":85},\"List\":[{\"_typeId\":5,\"_instanceId\":12}]},{\"Structure\":{\"_typeId\":42,\"_instanceId\":86},\"List\":[{\"_typeId\":5,\"_instanceId\":17}]},{\"Structure\":{\"_typeId\":42,\"_instanceId\":87},\"List\":[{\"_typeId\":5,\"_instanceId\":22}]},{\"Structure\":{\"_typeId\":42,\"_instanceId\":88},\"List\":[{\"_typeId\":5,\"_instanceId\":24}]}]}"}}