{"Version":"0.0.0","Data":{"FreeFormStructureLinkerManager":"{\"_nodeLinkersData\":[null],\"_builtLinkersData\":[null,null,null,null,null,null,null,null,null,null,{\"_typeId\":4,\"_instanceId\":64},{\"_typeId\":4,\"_instanceId\":52},{\"_typeId\":4,\"_instanceId\":41},{\"_typeId\":4,\"_instanceId\":47},{\"_typeId\":4,\"_instanceId\":46},{\"_typeId\":4,\"_instanceId\":48},{\"_typeId\":3,\"_instanceId\":438},{\"_typeId\":4,\"_instanceId\":35},{\"_typeId\":4,\"_instanceId\":13},{\"_typeId\":4,\"_instanceId\":29},{\"_typeId\":4,\"_instanceId\":16},{\"_typeId\":4,\"_instanceId\":19},{\"_typeId\":4,\"_instanceId\":25},{\"_typeId\":4,\"_instanceId\":30},{\"_typeId\":4,\"_instanceId\":24},{\"_typeId\":4,\"_instanceId\":31},{\"_typeId\":4,\"_instanceId\":33},{\"_typeId\":4,\"_instanceId\":33},{\"_typeId\":4,\"_instanceId\":20},null,{\"_typeId\":4,\"_instanceId\":145},null,null,{\"_typeId\":4,\"_instanceId\":118}]}"}}