{"Version":"0.0.0","Data":{"GameState":"{\"Version\":\"1.0.0\",\"GameName\":\"Hard 32 Days 04:46:12\",\"SaveTime\":\"2024-12-26T01:16:25.1628805+02:00\",\"GameType\":\"Hard\",\"GameId\":\"4c09b6b6-00cd-46cf-8982-103932351762\",\"GameDays\":32,\"GameHours\":4,\"GameMinutes\":46,\"GameSeconds\":33,\"GameMilliseconds\":631,\"IsRobbyDead\":true,\"CrashSite\":\"tree\",\"NamedIntDatas\":[{\"SaveObjectNameId\":\"Endgame.StayedOnIsland\"},{\"SaveObjectNameId\":\"Endgame.CoreGameCompleted\"},{\"SaveObjectNameId\":\"LuxuryBunker.HellDoorCaveEntrance\"},{\"SaveObjectNameId\":\"SonsStorySpots.WoodenCrateItems.AZZ\"},{\"SaveObjectNameId\":\"SonsStorySpots.WoodenCrateItems.BBN\"},{\"SaveObjectNameId\":\"SonsStorySpots.WoodenCrateItems.BAD\"},{\"SaveObjectNameId\":\"SonsStorySpots.WoodenCrateItems.BBP\"},{\"SaveObjectNameId\":\"SonsStorySpots.WoodenCrateItems.BBO\"},{\"SaveObjectNameId\":\"SonsStorySpots.WoodenCrateItems.BBL\"},{\"SaveObjectNameId\":\"SonsStorySpots.WoodenCrateItems.BAB\"},{\"SaveObjectNameId\":\"SonsStorySpots.WoodenCrateItems.BBY\"},{\"SaveObjectNameId\":\"TacticalGpsLocator.002\"},{\"SaveObjectNameId\":\"TacticalGpsLocator.005\"},{\"SaveObjectNameId\":\"TacticalGpsLocator.000\"},{\"SaveObjectNameId\":\"TacticalGpsLocator.003\"},{\"SaveObjectNameId\":\"TacticalGpsLocator.001\"},{\"SaveObjectNameId\":\"TacticalGpsLocator.004\",\"SaveValue\":1},{\"SaveObjectNameId\":\"SonsStorySpots.WoodenCrateItems.BBF\"},{\"SaveObjectNameId\":\"SonsStorySpots.WoodenCrateItems.BAC\"},{\"SaveObjectNameId\":\"SonsStorySpots.SuitcaseItems.AUH\"},{\"SaveObjectNameId\":\"SonsStorySpots.WoodenCrateItems.BBQ\"},{\"SaveObjectNameId\":\"WorkerGpsLocator.000\"},{\"SaveObjectNameId\":\"WorkerGpsLocator.002\"},{\"SaveObjectNameId\":\"WorkerGpsLocator.001\"},{\"SaveObjectNameId\":\"WorkerGpsLocator.005\"},{\"SaveObjectNameId\":\"WorkerGpsLocator.003\"},{\"SaveObjectNameId\":\"WorkerGpsLocator.006\",\"SaveValue\":1},{\"SaveObjectNameId\":\"WorkerGpsLocator.004\"},{\"SaveObjectNameId\":\"SonsStorySpots.SuitcaseItems.AUG\"},{\"SaveObjectNameId\":\"SonsStorySpots.WoodenCrateItems.BBG\"},{\"SaveObjectNameId\":\"SonsStorySpots.WoodenCrateItems.BBR\"},{\"SaveObjectNameId\":\"LightningPOI.001\"},{\"SaveObjectNameId\":\"LightningPOI.005\"},{\"SaveObjectNameId\":\"LightningPOI.002\"},{\"SaveObjectNameId\":\"LightningPOI.003\"},{\"SaveObjectNameId\":\"LightningPOI.006\"},{\"SaveObjectNameId\":\"LightningPOI.004\"},{\"SaveObjectNameId\":\"SonsStorySpots.BasicStorageCrateItems.AGQ\"},{\"SaveObjectNameId\":\"SonsStorySpots.BasicStorageCrateItems.AJF\"},{\"SaveObjectNameId\":\"BuriedTacticalGpsPickedUp\"},{\"SaveObjectNameId\":\"Tactical.GraveA\"},{\"SaveObjectNameId\":\"RaftTacticalFound\"},{\"SaveObjectNameId\":\"HangingTacticalFound\",\"SaveValue\":1},{\"SaveObjectNameId\":\"BuriedTacticalFound\"},{\"SaveObjectNameId\":\"HangingTacticalGpsPickedUp\",\"SaveValue\":1},{\"SaveObjectNameId\":\"RaftTacticalGpsPickeUp\"},{\"SaveObjectNameId\":\"SonsMainCharacterSpawns.WoodenCrateItems.AAA\"},{\"SaveObjectNameId\":\"SonsMainCharacterSpawns.WoodenCrateItems.AAB\"},{\"SaveObjectNameId\":\"EntertainmentBunker.HallwayTimmy\"},{\"SaveObjectNameId\":\"BunkerA.EntranceHatch\"},{\"SaveObjectNameId\":\"BunkerB.EntranceHatch\"},{\"SaveObjectNameId\":\"BunkerC.EntranceHatch\"},{\"SaveObjectNameId\":\"TreeCrashPickups.BasicStorageCrateItems.AAA\",\"SaveValue\":1},{\"SaveObjectNameId\":\"TreeCrashPickups.BasicStorageCrateItems.AAB\",\"SaveValue\":1},{\"SaveObjectNameId\":\"TreeCrashPickups.BasicStorageCrateItems.AAC\",\"SaveValue\":1},{\"SaveObjectNameId\":\"TreeCrashPickups.AmmoCase.AAD\",\"SaveValue\":1},{\"SaveObjectNameId\":\"TreeCrashPickups.AmmoCase.AAE\",\"SaveValue\":1},{\"SaveObjectNameId\":\"TreeCrashPickups.Meds.AAF\",\"SaveValue\":1},{\"SaveObjectNameId\":\"TreeCrashPickups.Meds.AAG\",\"SaveValue\":1},{\"SaveObjectNameId\":\"TreeCrashPickups.GrenadeCase.AAH\",\"SaveValue\":1},{\"SaveObjectNameId\":\"TreeCrashPickups.FlaresCase.AAI\",\"SaveValue\":1},{\"SaveObjectNameId\":\"SonsStorySpots.BasicStorageCrateItems.ADE\",\"SaveValue\":1},{\"SaveObjectNameId\":\"SonsStorySpots.BasicStorageCrateItems.AEE\",\"SaveValue\":1},{\"SaveObjectNameId\":\"SonsStorySpots.BasicStorageCrateItems.AKF\",\"SaveValue\":1},{\"SaveObjectNameId\":\"SonsStorySpots.BasicStorageCrateItems.APM\",\"SaveValue\":1},{\"SaveObjectNameId\":\"CaveB.BoardsB\"},{\"SaveObjectNameId\":\"SonsCaveB.WoodenCrateItems.AAB\",\"SaveValue\":1},{\"SaveObjectNameId\":\"SonsCaveB.WoodenCrateItems.AAI\"},{\"SaveObjectNameId\":\"SonsCaveB.WoodenCrateItems.AAJ\"},{\"SaveObjectNameId\":\"SonsCaveB.WoodenCrateItems.AAE\",\"SaveValue\":1},{\"SaveObjectNameId\":\"SonsCaveB.WoodenCrateItems.AAK\"},{\"SaveObjectNameId\":\"SonsCaveB.WoodenCrateItems.AAH\"},{\"SaveObjectNameId\":\"CaveB.Sluggy\",\"SaveValue\":3},{\"SaveObjectNameId\":\"SonsCaveB.AmmoCase.AAF\",\"SaveValue\":1},{\"SaveObjectNameId\":\"SonsCaveB.AmmoCase.AAC\",\"SaveValue\":1},{\"SaveObjectNameId\":\"SonsCaveB.AmmoCase.AAA\",\"SaveValue\":1},{\"SaveObjectNameId\":\"SonsCaveB.FlaresCase.AAG\",\"SaveValue\":1},{\"SaveObjectNameId\":\"SonsCaveB.FlaresCase.AAD\",\"SaveValue\":1},{\"SaveObjectNameId\":\"CaveB.BoardsA\"},{\"SaveObjectNameId\":\"SonsStorySpots.BasicStorageCrateItems.AAJ\"},{\"SaveObjectNameId\":\"SonsStorySpots.BasicStorageCrateItems.AIJ\"},{\"SaveObjectNameId\":\"SonsStorySpots.SuitcaseItems.ALQ\"},{\"SaveObjectNameId\":\"SonsStorySpots.SuitcaseItems.AMN\"},{\"SaveObjectNameId\":\"SonsStorySpots.BasicStorageCrateItems.AAC\",\"SaveValue\":1},{\"SaveObjectNameId\":\"SonsStorySpots.BasicStorageCrateItems.AKT\",\"SaveValue\":1},{\"SaveObjectNameId\":\"SonsStorySpots.BasicStorageCrateItems.AOD\",\"SaveValue\":1},{\"SaveObjectNameId\":\"SonsStorySpots.FlaresCase.ALT\",\"SaveValue\":1},{\"SaveObjectNameId\":\"SonsStorySpots.GraveItems.AIY\"},{\"SaveObjectNameId\":\"SonsStorySpots.BasicStorageCrateItems.AKJ\"},{\"SaveObjectNameId\":\"SonsStorySpots.GraveItems.AAQ\"},{\"SaveObjectNameId\":\"SonsStorySpots.GraveItems.AIU\"},{\"SaveObjectNameId\":\"SonsStorySpots.GraveItems.ANJ\"},{\"SaveObjectNameId\":\"SonsStorySpots.BasicStorageCrateItems.AFK\"},{\"SaveObjectNameId\":\"SonsStorySpots.BasicStorageCrateItems.AOF\"},{\"SaveObjectNameId\":\"SonsStorySpots.WoodenCrateItems.BAZ\",\"SaveValue\":1},{\"SaveObjectNameId\":\"SonsStorySpots.WoodenCrateItems.BBB\",\"SaveValue\":1},{\"SaveObjectNameId\":\"SonsStorySpots.WoodenCrateItems.BBA\",\"SaveValue\":1},{\"SaveObjectNameId\":\"DyingTacticalA.000\",\"SaveValue\":1},{\"SaveObjectNameId\":\"SonsStorySpots.BasicStorageCrateItems.AEK\",\"SaveValue\":1},{\"SaveObjectNameId\":\"SonsStorySpots.BasicStorageCrateItems.AGU\",\"SaveValue\":1},{\"SaveObjectNameId\":\"SonsStorySpots.BasicStorageCrateItems.AMV\",\"SaveValue\":1},{\"SaveObjectNameId\":\"SonsStorySpots.BasicStorageCrateItems.APD\",\"SaveValue\":1},{\"SaveObjectNameId\":\"SonsStorySpots.FlaresCase.AJC\",\"SaveValue\":1},{\"SaveObjectNameId\":\"SonsStorySpots.GrenadeCase.ADL\",\"SaveValue\":1},{\"SaveObjectNameId\":\"Tactical.HangingA\",\"SaveValue\":1},{\"SaveObjectNameId\":\"SonsStorySpots.WoodenCrateItems.BAV\"},{\"SaveObjectNameId\":\"SonsStorySpots.WoodenCrateItems.BAT\"},{\"SaveObjectNameId\":\"SonsStorySpots.WoodenCrateItems.BAS\"},{\"SaveObjectNameId\":\"SonsStorySpots.WoodenCrateItems.BAU\"},{\"SaveObjectNameId\":\"SonsStorySpots.BasicStorageCrateItems.ADC\"},{\"SaveObjectNameId\":\"SonsCaveC.WoodenCrateItems.AAJ\"},{\"SaveObjectNameId\":\"SonsCaveC.WoodenCrateItems.AAU\"},{\"SaveObjectNameId\":\"SonsCaveC.WoodenCrateItems.AAF\"},{\"SaveObjectNameId\":\"SonsCaveC.WoodenCrateItems.AAM\"},{\"SaveObjectNameId\":\"SonsCaveC.WoodenCrateItems.AAK\"},{\"SaveObjectNameId\":\"SonsCaveC.GrenadeCase.AAA\"},{\"SaveObjectNameId\":\"SonsCaveC.GrenadeCase.AAS\"},{\"SaveObjectNameId\":\"SonsCaveC.GrenadeCase.AAN\"},{\"SaveObjectNameId\":\"SonsCaveC.GrenadeCase.AAV\"},{\"SaveObjectNameId\":\"SonsCaveC.GrenadeCase.AAD\"},{\"SaveObjectNameId\":\"CaveC.Sluggy\"},{\"SaveObjectNameId\":\"SonsCaveC.AmmoCase.AAH\"},{\"SaveObjectNameId\":\"SonsCaveC.AmmoCase.AAQ\"},{\"SaveObjectNameId\":\"SonsCaveC.AmmoCase.AAI\"},{\"SaveObjectNameId\":\"SonsCaveC.AmmoCase.AAT\"},{\"SaveObjectNameId\":\"SonsCaveC.AmmoCase.AAP\"},{\"SaveObjectNameId\":\"SonsCaveC.AmmoCase.AAL\"},{\"SaveObjectNameId\":\"SonsCaveC.FlaresCase.AAE\"},{\"SaveObjectNameId\":\"SonsCaveC.FlaresCase.AAG\"},{\"SaveObjectNameId\":\"SonsCaveC.Meds.AAO\"},{\"SaveObjectNameId\":\"SonsCaveC.Meds.AAR\"},{\"SaveObjectNameId\":\"SonsCaveC.Meds.AAC\"},{\"SaveObjectNameId\":\"SonsCaveC.Meds.AAB\"},{\"SaveObjectNameId\":\"SonsCaveC.Meds.AAW\"},{\"SaveObjectNameId\":\"SonsStorySpots.SuitcaseItems.AXE\",\"SaveValue\":1},{\"SaveObjectNameId\":\"SonsStorySpots.SuitcaseItems.AYP\",\"SaveValue\":1},{\"SaveObjectNameId\":\"SonsStorySpots.BasicStorageCrateItems.ABI\"},{\"SaveObjectNameId\":\"SonsStorySpots.BasicStorageCrateItems.AOK\"},{\"SaveObjectNameId\":\"SonsStorySpots.FlaresCase.ANL\"},{\"SaveObjectNameId\":\"SonsStorySpots.BasicStorageCrateItems.AGM\"},{\"SaveObjectNameId\":\"SonsStorySpots.BasicStorageCrateItems.ALM\"},{\"SaveObjectNameId\":\"SonsStorySpots.BasicStorageCrateItems.ANG\"},{\"SaveObjectNameId\":\"SonsStorySpots.GraveItems.AEP\"},{\"SaveObjectNameId\":\"SonsStorySpots.GraveItems.AHL\"},{\"SaveObjectNameId\":\"SonsStorySpots.GraveItems.ANQ\"},{\"SaveObjectNameId\":\"SonsStorySpots.GraveItems.APW\"},{\"SaveObjectNameId\":\"SonsStorySpots.SuitcaseItems.AHM\"},{\"SaveObjectNameId\":\"SonsStorySpots.WoodenCrateItems.ALZ\"},{\"SaveObjectNameId\":\"SonsStorySpots.GraveItems.AAO\"},{\"SaveObjectNameId\":\"SonsStorySpots.GraveItems.AIN\"},{\"SaveObjectNameId\":\"SonsStorySpots.GraveItems.AMZ\"},{\"SaveObjectNameId\":\"SonsStorySpots.GraveItems.AOR\"},{\"SaveObjectNameId\":\"SonsStorySpots.GraveItems.ABD\"},{\"SaveObjectNameId\":\"SonsStorySpots.GraveItems.AKP\"},{\"SaveObjectNameId\":\"SonsStorySpots.GraveItems.AMD\"},{\"SaveObjectNameId\":\"SonsStorySpots.WoodenCrateItems.AHP\"},{\"SaveObjectNameId\":\"SonsStorySpots.WoodenCrateItems.ARS\"},{\"SaveObjectNameId\":\"SonsStorySpots.WoodenCrateItems.AVH\"},{\"SaveObjectNameId\":\"SonsStorySpots.WoodenCrateItems.AVK\"},{\"SaveObjectNameId\":\"SonsStorySpots.WoodenCrateItems.AVV\"},{\"SaveObjectNameId\":\"SonsStorySpots.WoodenCrateItems.AAD\"},{\"SaveObjectNameId\":\"SonsStorySpots.WoodenCrateItems.ALW\"},{\"SaveObjectNameId\":\"SonsStorySpots.WoodenCrateItems.ANM\"},{\"SaveObjectNameId\":\"SonsStorySpots.GrenadeCase.BAO\",\"SaveValue\":1},{\"SaveObjectNameId\":\"SonsStorySpots.BasicStorageCrateItems.ABQ\"},{\"SaveObjectNameId\":\"SonsStorySpots.GraveItems.AIZ\"},{\"SaveObjectNameId\":\"SonsStorySpots.GraveItems.ANO\"},{\"SaveObjectNameId\":\"DyingTacticalA.008\",\"SaveValue\":1},{\"SaveObjectNameId\":\"SonsStorySpots.AmmoCase.ACW\",\"SaveValue\":1},{\"SaveObjectNameId\":\"SonsStorySpots.AmmoCase.AJM\",\"SaveValue\":1},{\"SaveObjectNameId\":\"SonsStorySpots.AmmoCase.ANU\"},{\"SaveObjectNameId\":\"SonsStorySpots.AmmoCase.APQ\"},{\"SaveObjectNameId\":\"SonsStorySpots.GraveItems.AHB\"},{\"SaveObjectNameId\":\"SonsStorySpots.GraveItems.AID\"},{\"SaveObjectNameId\":\"SonsStorySpots.GraveItems.ALY\"},{\"SaveObjectNameId\":\"SonsStorySpots.WoodenCrateItems.AEW\"},{\"SaveObjectNameId\":\"SonsStorySpots.WoodenCrateItems.AMQ\"},{\"SaveObjectNameId\":\"SonsStorySpots.BasicStorageCrateItems.AES\"},{\"SaveObjectNameId\":\"SonsStorySpots.BasicStorageCrateItems.AHA\"},{\"SaveObjectNameId\":\"SonsStorySpots.BasicStorageCrateItems.AJW\"},{\"SaveObjectNameId\":\"SonsStorySpots.WoodenCrateItems.AQU\"},{\"SaveObjectNameId\":\"SonsStorySpots.BasicStorageCrateItems.AUD\",\"SaveValue\":1},{\"SaveObjectNameId\":\"SonsStorySpots.BasicStorageCrateItems.AUE\",\"SaveValue\":1},{\"SaveObjectNameId\":\"SonsStorySpots.GraveItems.AMX\"},{\"SaveObjectNameId\":\"SonsStorySpots.GraveItems.AMY\"},{\"SaveObjectNameId\":\"SonsStorySpots.GraveItems.ARJ\"},{\"SaveObjectNameId\":\"SonsStorySpots.AmmoCase.AGP\"},{\"SaveObjectNameId\":\"SonsStorySpots.Meds.ARB\"},{\"SaveObjectNameId\":\"SonsStorySpots.BasicStorageCrateItems.ABH\",\"SaveValue\":1},{\"SaveObjectNameId\":\"SonsStorySpots.BasicStorageCrateItems.AHX\",\"SaveValue\":1},{\"SaveObjectNameId\":\"SonsStorySpots.BasicStorageCrateItems.AVE\"},{\"SaveObjectNameId\":\"SonsStorySpots.BasicStorageCrateItems.AVS\"},{\"SaveObjectNameId\":\"SonsStorySpots.BasicStorageCrateItems.AUP\",\"SaveValue\":1},{\"SaveObjectNameId\":\"SonsStorySpots.BasicStorageCrateItems.AUS\"},{\"SaveObjectNameId\":\"SonsStorySpots.FlaresCase.AYU\"},{\"SaveObjectNameId\":\"SonsStorySpots.BasicStorageCrateItems.AUL\",\"SaveValue\":1},{\"SaveObjectNameId\":\"SonsStorySpots.BasicStorageCrateItems.ARC\",\"SaveValue\":1},{\"SaveObjectNameId\":\"SonsStorySpots.BasicStorageCrateItems.ABL\"},{\"SaveObjectNameId\":\"SonsStorySpots.BasicStorageCrateItems.ACF\"},{\"SaveObjectNameId\":\"SonsStorySpots.BasicStorageCrateItems.AFM\"},{\"SaveObjectNameId\":\"SonsStorySpots.AmmoCase.ARL\"},{\"SaveObjectNameId\":\"SonsStorySpots.BasicStorageCrateItems.ADU\"},{\"SaveObjectNameId\":\"SonsStorySpots.BasicStorageCrateItems.AIW\"},{\"SaveObjectNameId\":\"SonsStorySpots.BasicStorageCrateItems.ADV\"},{\"SaveObjectNameId\":\"SonsStorySpots.BasicStorageCrateItems.AOC\"},{\"SaveObjectNameId\":\"SonsStorySpots.GrenadeCase.AQF\"},{\"SaveObjectNameId\":\"SonsStorySpots.GrenadeCase.AQO\"},{\"SaveObjectNameId\":\"SonsStorySpots.GraveItems.AOX\"},{\"SaveObjectNameId\":\"SonsStorySpots.AmmoCase.ALB\"},{\"SaveObjectNameId\":\"SonsStorySpots.BasicStorageCrateItems.AVG\"},{\"SaveObjectNameId\":\"SonsStorySpots.BasicStorageCrateItems.AVQ\"},{\"SaveObjectNameId\":\"SonsStorySpots.Meds.AEY\"},{\"SaveObjectNameId\":\"SonsStorySpots.WoodenCrateItems.ADW\"},{\"SaveObjectNameId\":\"SonsStorySpots.WoodenCrateItems.ANT\"},{\"SaveObjectNameId\":\"SonsStorySpots.WoodenCrateItems.ANZ\"},{\"SaveObjectNameId\":\"SonsStorySpots.WoodenCrateItems.AAK\",\"SaveValue\":1},{\"SaveObjectNameId\":\"SonsStorySpots.WoodenCrateItems.AGB\",\"SaveValue\":1},{\"SaveObjectNameId\":\"SonsStorySpots.WoodenCrateItems.AIQ\",\"SaveValue\":1},{\"SaveObjectNameId\":\"SonsStorySpots.WoodenCrateItems.ALO\",\"SaveValue\":1},{\"SaveObjectNameId\":\"SonsStorySpots.GraveItems.ALP\"},{\"SaveObjectNameId\":\"SonsStorySpots.AmmoCase.ALA\"},{\"SaveObjectNameId\":\"SonsStorySpots.BasicStorageCrateItems.ACM\"},{\"SaveObjectNameId\":\"SonsStorySpots.BasicStorageCrateItems.ADX\"},{\"SaveObjectNameId\":\"SonsStorySpots.BasicStorageCrateItems.AQT\"},{\"SaveObjectNameId\":\"SonsStorySpots.Meds.AHV\"},{\"SaveObjectNameId\":\"SonsStorySpots.WoodenCrateItems.AHT\"},{\"SaveObjectNameId\":\"SonsStorySpots.WoodenCrateItems.AMT\"},{\"SaveObjectNameId\":\"SonsStorySpots.WoodenCrateItems.AFG\"},{\"SaveObjectNameId\":\"SonsStorySpots.WoodenCrateItems.ARI\"},{\"SaveObjectNameId\":\"SonsStorySpots.BasicStorageCrateItems.AMU\",\"SaveValue\":1},{\"SaveObjectNameId\":\"SonsStorySpots.BasicStorageCrateItems.ANN\",\"SaveValue\":1},{\"SaveObjectNameId\":\"SonsStorySpots.GrenadeCase.AHZ\",\"SaveValue\":1},{\"SaveObjectNameId\":\"SonsStorySpots.GraveItems.AOO\"},{\"SaveObjectNameId\":\"SonsStorySpots.BasicStorageCrateItems.ALS\"},{\"SaveObjectNameId\":\"SonsStorySpots.FlaresCase.AMC\"},{\"SaveObjectNameId\":\"SonsStorySpots.BasicStorageCrateItems.AFI\"},{\"SaveObjectNameId\":\"SonsStorySpots.WoodenCrateItems.AFO\"},{\"SaveObjectNameId\":\"SonsStorySpots.WoodenCrateItems.AHR\"},{\"SaveObjectNameId\":\"SonsStorySpots.BasicStorageCrateItems.ABT\"},{\"SaveObjectNameId\":\"SonsStorySpots.BasicStorageCrateItems.AOW\"},{\"SaveObjectNameId\":\"SonsStorySpots.BasicStorageCrateItems.ATH\"},{\"SaveObjectNameId\":\"SonsStorySpots.BasicStorageCrateItems.ATI\"},{\"SaveObjectNameId\":\"SonsStorySpots.WoodenCrateItems.ASD\"},{\"SaveObjectNameId\":\"SonsStorySpots.WoodenCrateItems.ASE\"},{\"SaveObjectNameId\":\"SonsStorySpots.WoodenCrateItems.ASF\"},{\"SaveObjectNameId\":\"SonsStorySpots.WoodenCrateItems.AWK\"},{\"SaveObjectNameId\":\"SonsStorySpots.WoodenCrateItems.AWL\"},{\"SaveObjectNameId\":\"SonsStorySpots.WoodenCrateItems.AWG\"},{\"SaveObjectNameId\":\"SonsStorySpots.WoodenCrateItems.AWH\"},{\"SaveObjectNameId\":\"SonsStorySpots.WoodenCrateItems.AXW\"},{\"SaveObjectNameId\":\"SonsStorySpots.WoodenCrateItems.AYC\"},{\"SaveObjectNameId\":\"SonsStorySpots.WoodenCrateItems.AYE\"},{\"SaveObjectNameId\":\"SonsStorySpots.AmmoCase.ARU\"},{\"SaveObjectNameId\":\"SonsStorySpots.WoodenCrateItems.ASG\"},{\"SaveObjectNameId\":\"SonsStorySpots.WoodenCrateItems.ASH\"},{\"SaveObjectNameId\":\"SonsStorySpots.WoodenCrateItems.ASI\"},{\"SaveObjectNameId\":\"SonsStorySpots.WoodenCrateItems.ASJ\"},{\"SaveObjectNameId\":\"SonsStorySpots.WoodenCrateItems.ASK\"},{\"SaveObjectNameId\":\"SonsStorySpots.WoodenCrateItems.ASL\"},{\"SaveObjectNameId\":\"SonsStorySpots.WoodenCrateItems.ASM\"},{\"SaveObjectNameId\":\"SonsStorySpots.WoodenCrateItems.ASN\"},{\"SaveObjectNameId\":\"SonsStorySpots.WoodenCrateItems.ASO\"},{\"SaveObjectNameId\":\"SonsStorySpots.WoodenCrateItems.ASP\"},{\"SaveObjectNameId\":\"SonsStorySpots.WoodenCrateItems.AZY\"},{\"SaveObjectNameId\":\"SonsStorySpots.WoodenCrateItems.AWZ\"},{\"SaveObjectNameId\":\"SonsStorySpots.WoodenCrateItems.AXX\"},{\"SaveObjectNameId\":\"SonsStorySpots.BasicStorageCrateItems.AYB\"},{\"SaveObjectNameId\":\"SonsStorySpots.GraveItems.AKY\"},{\"SaveObjectNameId\":\"SonsStorySpots.GraveItems.AQI\"},{\"SaveObjectNameId\":\"SonsStorySpots.WoodenCrateItems.AYG\"},{\"SaveObjectNameId\":\"SonsStorySpots.WoodenCrateItems.AYO\"},{\"SaveObjectNameId\":\"SonsStorySpots.GraveItems.AWQ\"},{\"SaveObjectNameId\":\"SonsStorySpots.GraveItems.AYF\"},{\"SaveObjectNameId\":\"SonsStorySpots.WoodenCrateItems.AZH\"},{\"SaveObjectNameId\":\"SonsStorySpots.BasicStorageCrateItems.ATJ\"},{\"SaveObjectNameId\":\"SonsStorySpots.BasicStorageCrateItems.ATK\"},{\"SaveObjectNameId\":\"SonsStorySpots.FlaresCase.ARY\"},{\"SaveObjectNameId\":\"SonsStorySpots.Meds.ARW\"},{\"SaveObjectNameId\":\"SonsStorySpots.WoodenCrateItems.ASU\"},{\"SaveObjectNameId\":\"SonsStorySpots.GraveItems.ACB\"},{\"SaveObjectNameId\":\"SonsStorySpots.GraveItems.APZ\"},{\"SaveObjectNameId\":\"SonsStorySpots.WoodenCrateItems.ATT\"},{\"SaveObjectNameId\":\"SonsStorySpots.WoodenCrateItems.ATU\"},{\"SaveObjectNameId\":\"SonsStorySpots.WoodenCrateItems.ATV\"},{\"SaveObjectNameId\":\"SonsStorySpots.WoodenCrateItems.ATY\"},{\"SaveObjectNameId\":\"SonsStorySpots.BasicStorageCrateItems.AYI\"},{\"SaveObjectNameId\":\"SonsStorySpots.GraveItems.AAB\"},{\"SaveObjectNameId\":\"SonsStorySpots.GraveItems.AED\"},{\"SaveObjectNameId\":\"SonsStorySpots.GraveItems.AIM\"},{\"SaveObjectNameId\":\"SonsStorySpots.GraveItems.AJY\"},{\"SaveObjectNameId\":\"SonsStorySpots.GraveItems.APC\"},{\"SaveObjectNameId\":\"SonsStorySpots.WoodenCrateItems.ABZ\"},{\"SaveObjectNameId\":\"SonsStorySpots.WoodenCrateItems.AOG\"},{\"SaveObjectNameId\":\"SonsStorySpots.WoodenCrateItems.AFZ\"},{\"SaveObjectNameId\":\"SonsStorySpots.WoodenCrateItems.AHC\"},{\"SaveObjectNameId\":\"SonsStorySpots.WoodenCrateItems.AJZ\"},{\"SaveObjectNameId\":\"SonsStorySpots.WoodenCrateItems.APH\"},{\"SaveObjectNameId\":\"SonsStorySpots.GraveItems.ACN\"},{\"SaveObjectNameId\":\"SonsStorySpots.GraveItems.APL\"},{\"SaveObjectNameId\":\"SonsStorySpots.GraveItems.AQX\"},{\"SaveObjectNameId\":\"SonsStorySpots.WoodenCrateItems.BBH\"},{\"SaveObjectNameId\":\"SonsStorySpots.WoodenCrateItems.BBT\"},{\"SaveObjectNameId\":\"SonsStorySpots.GraveItems.ACI\"},{\"SaveObjectNameId\":\"SonsStorySpots.GraveItems.ADY\"},{\"SaveObjectNameId\":\"SonsStorySpots.GraveItems.ALD\"},{\"SaveObjectNameId\":\"SonsStorySpots.GraveItems.ALN\"},{\"SaveObjectNameId\":\"SonsStorySpots.BasicStorageCrateItems.AGZ\"},{\"SaveObjectNameId\":\"SonsStorySpots.BasicStorageCrateItems.APX\"},{\"SaveObjectNameId\":\"SonsStorySpots.WoodenCrateItems.ACV\"}]}"}}