{"Version":"0.0.0","Data":{"GameSetup":"{\"_settings\":[{\"Name\":\"Mode\",\"SettingType\":3,\"StringValue\":\"Hard\"},{\"Name\":\"UID\",\"SettingType\":3,\"StringValue\":\"c599aee754fa463fbba8de666a4919fb\"},{\"Name\":\"GameSetting.Vail.EnemySpawn\",\"BoolValue\":true},{\"Name\":\"GameSetting.Vail.EnemyAggression\",\"SettingType\":3,\"StringValue\":\"High\"},{\"Name\":\"GameSetting.Vail.EnemyArmour\",\"SettingType\":3,\"StringValue\":\"High\"},{\"Name\":\"GameSetting.Vail.EnemyDamage\",\"SettingType\":3,\"StringValue\":\"High\"},{\"Name\":\"GameSetting.Vail.EnemyHealth\",\"SettingType\":3,\"StringValue\":\"High\"},{\"Name\":\"GameSetting.Vail.AnimalSpawnRate\",\"SettingType\":3,\"StringValue\":\"LOW\"},{\"Name\":\"GameSetting.Multiplayer.PvpDamage\",\"SettingType\":3,\"StringValue\":\"Reduced\"},{\"Name\":\"GameSetting.Multiplayer.Cheats\",\"BoolValue\":true}],\"name\":\"\"}"}}