{"Version":"0.0.0","Data":{"GardenPlotManager":"{\"_gardenPlotsData\":[{\"SeedId\":601,\"GrowTimeSecondsRemaining\":-1.652261},{\"SeedId\":602,\"GrowTimeSecondsRemaining\":-1.70516729},{\"SeedId\":600,\"GrowTimeSecondsRemaining\":-1.89859581},{\"SeedId\":605,\"GrowTimeSecondsRemaining\":-2.766708},{\"SeedId\":724,\"GrowTimeSecondsRemaining\":-2.18425035},{\"SeedId\":400,\"GrowTimeSecondsRemaining\":-2.68075562},{\"SeedId\":596,\"GrowTimeSecondsRemaining\":-2.146414},{\"SeedId\":597,\"GrowTimeSecondsRemaining\":-1.808898}]}"}}