{"Version":"0.0.0","Data":{"PlayerInventory":"{\"Version\":\"1.0.0\",\"QuickSelect\":{\"Version\":\"0.0.0\",\"Slots\":[{\"ItemId\":394,\"Age\":4067.501},{\"ItemId\":422,\"Age\":4067.501},{\"ItemId\":459,\"Age\":4067.501},{\"ItemId\":482,\"Age\":6642.53027},{\"ItemId\":453,\"Age\":4067.501},{\"ItemId\":476,\"Age\":4067.501},{\"ItemId\":441,\"Age\":4067.501},{\"ItemId\":418,\"Age\":4067.501},{\"ItemId\":589,\"Age\":4067.501}]},\"EquippedItems\":[{\"ItemId\":355,\"Modules\":[{\"AmmoType\":362,\"CurrentAmmo\":12,\"WeaponModIds\":[608885360,791848980,-1299924474,63489846],\"Version\":\"0.0.0\",\"ModuleId\":4},{\"ChannelWeights\":{\"x\":1.401298E-45},\"Version\":\"0.0.0\"},{\"Version\":\"0.0.0\",\"ModuleId\":8}]}],\"ItemInstanceManagerData\":{\"Version\":\"0.0.0\",\"ItemBlocks\":[{\"ItemId\":402,\"TotalCount\":1,\"UniqueItems\":[{\"Modules\":[{\"Version\":\"0.0.0\"}]}]},{\"ItemId\":380,\"TotalCount\":1,\"UniqueItems\":[{\"Modules\":[{\"Version\":\"0.0.0\"}]}]},{\"ItemId\":351,\"TotalCount\":1,\"UniqueItems\":[]},{\"ItemId\":552,\"TotalCount\":1,\"UniqueItems\":[]},{\"ItemId\":690,\"TotalCount\":1,\"UniqueItems\":[]},{\"ItemId\":486,\"TotalCount\":1,\"UniqueItems\":[]},{\"ItemId\":453,\"TotalCount\":20,\"UniqueItems\":[]},{\"ItemId\":379,\"TotalCount\":1,\"UniqueItems\":[{\"Modules\":[{\"ChannelWeights\":{\"x\":1.121039E-44},\"Version\":\"0.0.0\"},{\"Version\":\"0.0.0\",\"ModuleId\":8}]}]},{\"ItemId\":413,\"TotalCount\":1,\"UniqueItems\":[]},{\"ItemId\":589,\"TotalCount\":1,\"UniqueItems\":[]},{\"ItemId\":419,\"TotalCount\":100,\"UniqueItems\":[]},{\"ItemId\":420,\"TotalCount\":3,\"UniqueItems\":[]},{\"ItemId\":414,\"TotalCount\":6,\"UniqueItems\":[]},{\"ItemId\":504,\"TotalCount\":5,\"UniqueItems\":[]},{\"ItemId\":441,\"TotalCount\":9,\"UniqueItems\":[]},{\"ItemId\":440,\"TotalCount\":10,\"UniqueItems\":[]},{\"ItemId\":387,\"TotalCount\":1000,\"UniqueItems\":[]},{\"ItemId\":484,\"TotalCount\":994,\"UniqueItems\":[]},{\"ItemId\":523,\"TotalCount\":4,\"UniqueItems\":[]},{\"ItemId\":392,\"TotalCount\":19,\"UniqueItems\":[]},{\"ItemId\":476,\"TotalCount\":30,\"UniqueItems\":[]},{\"ItemId\":398,\"TotalCount\":20,\"UniqueItems\":[]},{\"ItemId\":410,\"TotalCount\":10,\"UniqueItems\":[]},{\"ItemId\":405,\"TotalCount\":16,\"UniqueItems\":[]},{\"ItemId\":601,\"TotalCount\":20,\"UniqueItems\":[]},{\"ItemId\":390,\"TotalCount\":1000,\"UniqueItems\":[]},{\"ItemId\":403,\"TotalCount\":10,\"UniqueItems\":[]},{\"ItemId\":477,\"TotalCount\":1,\"UniqueItems\":[{\"Modules\":[{\"ChannelWeights\":{\"x\":1.401298E-45},\"Version\":\"0.0.0\"},{\"Version\":\"0.0.0\",\"ModuleId\":8}]}]},{\"ItemId\":503,\"TotalCount\":1,\"UniqueItems\":[{\"Modules\":[{\"ChannelWeights\":{\"x\":0.0182871372},\"Version\":\"0.0.0\"}]}]},{\"ItemId\":396,\"TotalCount\":1,\"UniqueItems\":[{\"Modules\":[{\"RecipeId\":-1,\"Version\":\"0.0.0\",\"ModuleId\":7},{\"ChannelWeights\":{\"x\":4.203895E-45},\"Version\":\"0.0.0\"}]}]},{\"ItemId\":454,\"TotalCount\":20,\"UniqueItems\":[]},{\"ItemId\":397,\"TotalCount\":20,\"UniqueItems\":[]},{\"ItemId\":393,\"TotalCount\":10,\"UniqueItems\":[]},{\"ItemId\":399,\"TotalCount\":20,\"UniqueItems\":[]},{\"ItemId\":599,\"TotalCount\":20,\"UniqueItems\":[]},{\"ItemId\":694,\"TotalCount\":1,\"UniqueItems\":[]},{\"ItemId\":529,\"TotalCount\":10,\"UniqueItems\":[{\"Modules\":[{\"IconIndex\":7,\"Version\":\"0.0.0\",\"ModuleId\":2}]},{\"Modules\":[{\"IconIndex\":17,\"Version\":\"0.0.0\",\"ModuleId\":2}]},{\"Modules\":[{\"Version\":\"0.0.0\",\"ModuleId\":2}]},{\"Modules\":[{\"Version\":\"0.0.0\",\"ModuleId\":2}]},{\"Modules\":[{\"Version\":\"0.0.0\",\"ModuleId\":2}]},{\"Modules\":[{\"Version\":\"0.0.0\",\"ModuleId\":2}]},{\"Modules\":[{\"Version\":\"0.0.0\",\"ModuleId\":2}]},{\"Modules\":[{\"Version\":\"0.0.0\",\"ModuleId\":2}]},{\"Modules\":[{\"Version\":\"0.0.0\",\"ModuleId\":2}]},{\"Modules\":[{\"Version\":\"0.0.0\",\"ModuleId\":2}]}]},{\"ItemId\":418,\"TotalCount\":100,\"UniqueItems\":[]},{\"ItemId\":726,\"TotalCount\":1,\"UniqueItems\":[]},{\"ItemId\":448,\"TotalCount\":20,\"UniqueItems\":[]},{\"ItemId\":471,\"TotalCount\":1,\"UniqueItems\":[{\"Modules\":[{\"RecipeId\":-1,\"Version\":\"0.0.0\",\"ModuleId\":7}]}]},{\"ItemId\":447,\"TotalCount\":20,\"UniqueItems\":[]},{\"ItemId\":446,\"TotalCount\":20,\"UniqueItems\":[]},{\"ItemId\":465,\"TotalCount\":20,\"UniqueItems\":[]},{\"ItemId\":459,\"TotalCount\":1,\"UniqueItems\":[{\"Modules\":[{\"AmmoType\":476,\"CurrentAmmo\":1,\"WeaponModIds\":[],\"Version\":\"0.0.0\",\"ModuleId\":4}]}]},{\"ItemId\":469,\"TotalCount\":4,\"UniqueItems\":[]},{\"ItemId\":502,\"TotalCount\":1000,\"UniqueItems\":[]},{\"ItemId\":439,\"TotalCount\":10,\"UniqueItems\":[]},{\"ItemId\":626,\"TotalCount\":1,\"UniqueItems\":[]},{\"ItemId\":544,\"TotalCount\":1,\"UniqueItems\":[]},{\"ItemId\":416,\"TotalCount\":6,\"UniqueItems\":[]},{\"ItemId\":634,\"TotalCount\":3,\"UniqueItems\":[]},{\"ItemId\":635,\"TotalCount\":8,\"UniqueItems\":[]},{\"ItemId\":400,\"TotalCount\":20,\"UniqueItems\":[]},{\"ItemId\":661,\"TotalCount\":3,\"UniqueItems\":[]},{\"ItemId\":604,\"TotalCount\":20,\"UniqueItems\":[]},{\"ItemId\":590,\"TotalCount\":1,\"UniqueItems\":[]},{\"ItemId\":606,\"TotalCount\":20,\"UniqueItems\":[]},{\"ItemId\":615,\"TotalCount\":1,\"UniqueItems\":[]},{\"ItemId\":479,\"TotalCount\":1000,\"UniqueItems\":[]},{\"ItemId\":646,\"TotalCount\":1,\"UniqueItems\":[]},{\"ItemId\":364,\"TotalCount\":1000,\"UniqueItems\":[]},{\"ItemId\":603,\"TotalCount\":20,\"UniqueItems\":[]},{\"ItemId\":450,\"TotalCount\":20,\"UniqueItems\":[]},{\"ItemId\":362,\"TotalCount\":837,\"UniqueItems\":[]},{\"ItemId\":715,\"TotalCount\":1,\"UniqueItems\":[]},{\"ItemId\":443,\"TotalCount\":1,\"UniqueItems\":[{\"Modules\":[{\"AmmoType\":618,\"CurrentAmmo\":1,\"WeaponModIds\":[],\"Version\":\"0.0.0\",\"ModuleId\":4}]}]},{\"ItemId\":422,\"TotalCount\":1,\"UniqueItems\":[{\"Modules\":[{\"ChannelWeights\":{\"x\":1.813758E-37},\"Version\":\"0.0.0\"}]}]},{\"ItemId\":596,\"TotalCount\":20,\"UniqueItems\":[]},{\"ItemId\":495,\"TotalCount\":2,\"UniqueItems\":[]},{\"ItemId\":363,\"TotalCount\":1000,\"UniqueItems\":[]},{\"ItemId\":496,\"TotalCount\":1000000,\"UniqueItems\":[]},{\"ItemId\":508,\"TotalCount\":6,\"UniqueItems\":[]},{\"ItemId\":474,\"TotalCount\":5,\"UniqueItems\":[{\"Modules\":[{\"Version\":\"0.0.0\"}]},{\"Modules\":[{\"Version\":\"0.0.0\"}]},{\"Modules\":[{\"Version\":\"0.0.0\"}]},{\"Modules\":[{\"Version\":\"0.0.0\"}]},{\"Modules\":[{\"ChannelWeights\":{\"x\":8.407791E-45},\"Version\":\"0.0.0\"},{\"AmmoType\":474,\"CurrentAmmo\":1,\"WeaponModIds\":[],\"Version\":\"0.0.0\",\"ModuleId\":4}]}]},{\"ItemId\":426,\"TotalCount\":1,\"UniqueItems\":[{\"Modules\":[{\"RecipeId\":1603666500,\"CurrentVolume\":500,\"Version\":\"0.0.0\",\"ModuleId\":7}]}]},{\"ItemId\":657,\"TotalCount\":5,\"UniqueItems\":[]},{\"ItemId\":560,\"TotalCount\":2,\"UniqueItems\":[]},{\"ItemId\":428,\"TotalCount\":1,\"UniqueItems\":[]},{\"ItemId\":467,\"TotalCount\":1,\"UniqueItems\":[]},{\"ItemId\":451,\"TotalCount\":20,\"UniqueItems\":[]},{\"ItemId\":597,\"TotalCount\":20,\"UniqueItems\":[]},{\"ItemId\":341,\"TotalCount\":1,\"UniqueItems\":[]},{\"ItemId\":595,\"TotalCount\":20,\"UniqueItems\":[]},{\"ItemId\":598,\"TotalCount\":20,\"UniqueItems\":[]},{\"ItemId\":445,\"TotalCount\":20,\"UniqueItems\":[]},{\"ItemId\":659,\"TotalCount\":1,\"UniqueItems\":[]},{\"ItemId\":730,\"TotalCount\":1,\"UniqueItems\":[]},{\"ItemId\":702,\"TotalCount\":1,\"UniqueItems\":[]},{\"ItemId\":700,\"TotalCount\":1,\"UniqueItems\":[]},{\"ItemId\":704,\"TotalCount\":1,\"UniqueItems\":[]},{\"ItemId\":494,\"TotalCount\":10,\"UniqueItems\":[]},{\"ItemId\":509,\"TotalCount\":1,\"UniqueItems\":[]},{\"ItemId\":432,\"TotalCount\":1,\"UniqueItems\":[]},{\"ItemId\":464,\"TotalCount\":1,\"UniqueItems\":[{\"Modules\":[{\"CurrentState\":3,\"Version\":\"0.0.0\",\"ModuleId\":3}]}]},{\"ItemId\":605,\"TotalCount\":20,\"UniqueItems\":[]},{\"ItemId\":705,\"TotalCount\":1,\"UniqueItems\":[]},{\"ItemId\":415,\"TotalCount\":1000,\"UniqueItems\":[]},{\"ItemId\":592,\"TotalCount\":10,\"UniqueItems\":[]},{\"ItemId\":468,\"TotalCount\":1,\"UniqueItems\":[{\"Modules\":[{\"Version\":\"0.0.0\",\"ModuleId\":8}]}]},{\"ItemId\":365,\"TotalCount\":1,\"UniqueItems\":[{\"Modules\":[{\"AmmoType\":-1,\"CurrentAmmo\":-1,\"WeaponModIds\":[],\"Version\":\"0.0.0\",\"ModuleId\":4}]}]},{\"ItemId\":633,\"TotalCount\":1,\"UniqueItems\":[]},{\"ItemId\":651,\"TotalCount\":1,\"UniqueItems\":[]},{\"ItemId\":472,\"TotalCount\":5,\"UniqueItems\":[]},{\"ItemId\":519,\"TotalCount\":10,\"UniqueItems\":[]},{\"ItemId\":449,\"TotalCount\":20,\"UniqueItems\":[]},{\"ItemId\":600,\"TotalCount\":20,\"UniqueItems\":[]},{\"ItemId\":642,\"TotalCount\":1,\"UniqueItems\":[]},{\"ItemId\":643,\"TotalCount\":1,\"UniqueItems\":[]},{\"ItemId\":539,\"TotalCount\":1,\"UniqueItems\":[]},{\"ItemId\":540,\"TotalCount\":1,\"UniqueItems\":[]},{\"ItemId\":541,\"TotalCount\":1,\"UniqueItems\":[]},{\"ItemId\":545,\"TotalCount\":1,\"UniqueItems\":[]},{\"ItemId\":521,\"TotalCount\":1,\"UniqueItems\":[]},{\"ItemId\":534,\"TotalCount\":1,\"UniqueItems\":[]},{\"ItemId\":535,\"TotalCount\":1,\"UniqueItems\":[]},{\"ItemId\":536,\"TotalCount\":1,\"UniqueItems\":[]},{\"ItemId\":537,\"TotalCount\":1,\"UniqueItems\":[]},{\"ItemId\":614,\"TotalCount\":1,\"UniqueItems\":[]},{\"ItemId\":616,\"TotalCount\":1,\"UniqueItems\":[]},{\"ItemId\":528,\"TotalCount\":1,\"UniqueItems\":[]},{\"ItemId\":526,\"TotalCount\":1,\"UniqueItems\":[]},{\"ItemId\":538,\"TotalCount\":1,\"UniqueItems\":[]},{\"ItemId\":542,\"TotalCount\":1,\"UniqueItems\":[]},{\"ItemId\":543,\"TotalCount\":1,\"UniqueItems\":[]},{\"ItemId\":546,\"TotalCount\":1,\"UniqueItems\":[]},{\"ItemId\":547,\"TotalCount\":1,\"UniqueItems\":[]},{\"ItemId\":548,\"TotalCount\":1,\"UniqueItems\":[]},{\"ItemId\":461,\"TotalCount\":3,\"UniqueItems\":[]},{\"ItemId\":462,\"TotalCount\":3,\"UniqueItems\":[]},{\"ItemId\":431,\"TotalCount\":1,\"UniqueItems\":[{\"Modules\":[{\"Version\":\"0.0.0\"},{\"Version\":\"0.0.0\",\"ModuleId\":8}]}]},{\"ItemId\":436,\"TotalCount\":3,\"UniqueItems\":[{\"Modules\":[{\"CurrentState\":3,\"Version\":\"0.0.0\",\"ModuleId\":3}]},{\"Modules\":[{\"CurrentState\":3,\"Version\":\"0.0.0\",\"ModuleId\":3}]},{\"Modules\":[{\"CurrentState\":3,\"Version\":\"0.0.0\",\"ModuleId\":3}]}]},{\"ItemId\":569,\"TotalCount\":1,\"UniqueItems\":[]},{\"ItemId\":570,\"TotalCount\":1,\"UniqueItems\":[]},{\"ItemId\":571,\"TotalCount\":1,\"UniqueItems\":[]},{\"ItemId\":572,\"TotalCount\":1,\"UniqueItems\":[{\"Modules\":[{\"Version\":\"0.0.0\",\"ModuleId\":8}]}]},{\"ItemId\":435,\"TotalCount\":1,\"UniqueItems\":[]},{\"ItemId\":524,\"TotalCount\":8,\"UniqueItems\":[]},{\"ItemId\":525,\"TotalCount\":1,\"UniqueItems\":[{\"Modules\":[{\"Version\":\"0.0.0\"},{\"Version\":\"0.0.0\",\"ModuleId\":8}]}]},{\"ItemId\":381,\"TotalCount\":5,\"UniqueItems\":[]},{\"ItemId\":594,\"TotalCount\":20,\"UniqueItems\":[]},{\"ItemId\":602,\"TotalCount\":20,\"UniqueItems\":[]},{\"ItemId\":340,\"TotalCount\":1,\"UniqueItems\":[{\"Modules\":[{\"Version\":\"0.0.0\"},{\"Version\":\"0.0.0\",\"ModuleId\":8}]}]},{\"ItemId\":455,\"TotalCount\":3,\"UniqueItems\":[]},{\"ItemId\":456,\"TotalCount\":3,\"UniqueItems\":[]},{\"ItemId\":562,\"TotalCount\":1,\"UniqueItems\":[]},{\"ItemId\":563,\"TotalCount\":1,\"UniqueItems\":[]},{\"ItemId\":564,\"TotalCount\":1,\"UniqueItems\":[]},{\"ItemId\":565,\"TotalCount\":1,\"UniqueItems\":[]},{\"ItemId\":367,\"TotalCount\":1,\"UniqueItems\":[{\"Modules\":[{\"ChannelWeights\":{\"x\":0.0157858673},\"Version\":\"0.0.0\"},{\"Version\":\"0.0.0\",\"ModuleId\":8}]}]},{\"ItemId\":567,\"TotalCount\":1,\"UniqueItems\":[]},{\"ItemId\":566,\"TotalCount\":1,\"UniqueItems\":[]},{\"ItemId\":568,\"TotalCount\":1,\"UniqueItems\":[]},{\"ItemId\":473,\"TotalCount\":10,\"UniqueItems\":[]},{\"ItemId\":493,\"TotalCount\":1,\"UniqueItems\":[]},{\"ItemId\":359,\"TotalCount\":1,\"UniqueItems\":[{\"Modules\":[{\"ChannelWeights\":{\"x\":6.44060775E-18},\"Version\":\"0.0.0\"},{\"Version\":\"0.0.0\",\"ModuleId\":8}]}]},{\"ItemId\":433,\"TotalCount\":5,\"UniqueItems\":[{\"Modules\":[{\"CurrentState\":3,\"Version\":\"0.0.0\",\"ModuleId\":3}]},{\"Modules\":[{\"CurrentState\":3,\"Version\":\"0.0.0\",\"ModuleId\":3}]},{\"Modules\":[{\"CurrentState\":3,\"Version\":\"0.0.0\",\"ModuleId\":3}]},{\"Modules\":[{\"CurrentState\":3,\"Version\":\"0.0.0\",\"ModuleId\":3}]},{\"Modules\":[{\"CurrentState\":3,\"Version\":\"0.0.0\",\"ModuleId\":3}]}]},{\"ItemId\":388,\"TotalCount\":6,\"UniqueItems\":[]},{\"ItemId\":389,\"TotalCount\":10,\"UniqueItems\":[]},{\"ItemId\":652,\"TotalCount\":1,\"UniqueItems\":[]},{\"ItemId\":354,\"TotalCount\":1,\"UniqueItems\":[{\"Modules\":[{\"RecipeId\":-1,\"CurrentVolume\":60,\"Version\":\"0.0.0\",\"ModuleId\":7}]}]},{\"ItemId\":423,\"TotalCount\":1,\"UniqueItems\":[]},{\"ItemId\":424,\"TotalCount\":1,\"UniqueItems\":[]},{\"ItemId\":574,\"TotalCount\":1,\"UniqueItems\":[]},{\"ItemId\":575,\"TotalCount\":1,\"UniqueItems\":[]},{\"ItemId\":631,\"TotalCount\":1,\"UniqueItems\":[]},{\"ItemId\":611,\"TotalCount\":1,\"UniqueItems\":[]},{\"ItemId\":466,\"TotalCount\":5,\"UniqueItems\":[{\"Modules\":[{\"CurrentState\":3,\"Version\":\"0.0.0\",\"ModuleId\":3}]},{\"Modules\":[{\"CurrentState\":3,\"Version\":\"0.0.0\",\"ModuleId\":3}]},{\"Modules\":[{\"CurrentState\":3,\"Version\":\"0.0.0\",\"ModuleId\":3}]},{\"Modules\":[{\"CurrentState\":3,\"Version\":\"0.0.0\",\"ModuleId\":3}]},{\"Modules\":[{\"CurrentState\":3,\"Version\":\"0.0.0\",\"ModuleId\":3}]}]},{\"ItemId\":518,\"TotalCount\":50,\"UniqueItems\":[]},{\"ItemId\":653,\"TotalCount\":1,\"UniqueItems\":[]},{\"ItemId\":654,\"TotalCount\":1,\"UniqueItems\":[]},{\"ItemId\":655,\"TotalCount\":1,\"UniqueItems\":[]},{\"ItemId\":663,\"TotalCount\":1,\"UniqueItems\":[{\"Modules\":[{\"Version\":\"0.0.0\",\"ModuleId\":8}]}]},{\"ItemId\":437,\"TotalCount\":6,\"UniqueItems\":[]},{\"ItemId\":370,\"TotalCount\":1,\"UniqueItems\":[]},{\"ItemId\":703,\"TotalCount\":1,\"UniqueItems\":[]},{\"ItemId\":444,\"TotalCount\":1,\"UniqueItems\":[{\"Modules\":[{\"RecipeId\":-1,\"CurrentVolume\":1000,\"Version\":\"0.0.0\",\"ModuleId\":7}]}]},{\"ItemId\":391,\"TotalCount\":1,\"UniqueItems\":[]},{\"ItemId\":386,\"TotalCount\":1,\"UniqueItems\":[{\"Modules\":[{\"Version\":\"0.0.0\",\"ModuleId\":8},{\"AmmoType\":362,\"CurrentAmmo\":6,\"WeaponModIds\":[],\"Version\":\"0.0.0\",\"ModuleId\":4}]}]},{\"ItemId\":361,\"TotalCount\":1,\"UniqueItems\":[{\"Modules\":[{\"AmmoType\":-1,\"CurrentAmmo\":-1,\"WeaponModIds\":[],\"Version\":\"0.0.0\",\"ModuleId\":4},{\"Version\":\"0.0.0\",\"ModuleId\":8}]}]},{\"ItemId\":522,\"TotalCount\":1,\"UniqueItems\":[]},{\"ItemId\":648,\"TotalCount\":1,\"UniqueItems\":[]},{\"ItemId\":371,\"TotalCount\":1,\"UniqueItems\":[]},{\"ItemId\":372,\"TotalCount\":1,\"UniqueItems\":[]},{\"ItemId\":358,\"TotalCount\":1,\"UniqueItems\":[{\"Modules\":[{\"AmmoType\":364,\"CurrentAmmo\":8,\"WeaponModIds\":[-1768658424],\"Version\":\"0.0.0\",\"ModuleId\":4},{\"Version\":\"0.0.0\",\"ModuleId\":8}]}]},{\"ItemId\":485,\"TotalCount\":1,\"UniqueItems\":[{\"Modules\":[{\"Version\":\"0.0.0\"}]}]},{\"ItemId\":487,\"TotalCount\":1,\"UniqueItems\":[]},{\"ItemId\":729,\"TotalCount\":1,\"UniqueItems\":[]},{\"ItemId\":644,\"TotalCount\":1,\"UniqueItems\":[]},{\"ItemId\":725,\"TotalCount\":20,\"UniqueItems\":[]},{\"ItemId\":664,\"TotalCount\":20,\"UniqueItems\":[]},{\"ItemId\":639,\"TotalCount\":1,\"UniqueItems\":[]},{\"ItemId\":647,\"TotalCount\":1,\"UniqueItems\":[]},{\"ItemId\":617,\"TotalCount\":1,\"UniqueItems\":[]},{\"ItemId\":353,\"TotalCount\":1,\"UniqueItems\":[]},{\"ItemId\":369,\"TotalCount\":1000,\"UniqueItems\":[]},{\"ItemId\":457,\"TotalCount\":1,\"UniqueItems\":[]},{\"ItemId\":360,\"TotalCount\":1,\"UniqueItems\":[]},{\"ItemId\":394,\"TotalCount\":1,\"UniqueItems\":[{\"Modules\":[{\"RecipeId\":-1,\"CurrentVolume\":4,\"Version\":\"0.0.0\",\"ModuleId\":7},{\"ChannelWeights\":{\"x\":2.784936E-39},\"Version\":\"0.0.0\"}]}]},{\"ItemId\":553,\"TotalCount\":10,\"UniqueItems\":[]},{\"ItemId\":417,\"TotalCount\":3,\"UniqueItems\":[]},{\"ItemId\":650,\"TotalCount\":1,\"UniqueItems\":[]},{\"ItemId\":506,\"TotalCount\":3,\"UniqueItems\":[]},{\"ItemId\":492,\"TotalCount\":1,\"UniqueItems\":[]},{\"ItemId\":724,\"TotalCount\":20,\"UniqueItems\":[]},{\"ItemId\":558,\"TotalCount\":1,\"UniqueItems\":[]},{\"ItemId\":556,\"TotalCount\":1,\"UniqueItems\":[]},{\"ItemId\":557,\"TotalCount\":1,\"UniqueItems\":[]},{\"ItemId\":619,\"TotalCount\":1,\"UniqueItems\":[]},{\"ItemId\":555,\"TotalCount\":1,\"UniqueItems\":[]},{\"ItemId\":499,\"TotalCount\":1,\"UniqueItems\":[]},{\"ItemId\":452,\"TotalCount\":20,\"UniqueItems\":[]},{\"ItemId\":490,\"TotalCount\":1,\"UniqueItems\":[]},{\"ItemId\":618,\"TotalCount\":20,\"UniqueItems\":[{\"Modules\":[{\"Version\":\"0.0.0\",\"ModuleId\":9}]},{\"Modules\":[{\"Version\":\"0.0.0\",\"ModuleId\":9}]},{\"Modules\":[{\"Version\":\"0.0.0\",\"ModuleId\":9}]},{\"Modules\":[{\"Version\":\"0.0.0\",\"ModuleId\":9}]},{\"Modules\":[{\"Version\":\"0.0.0\",\"ModuleId\":9}]},{\"Modules\":[{\"Version\":\"0.0.0\",\"ModuleId\":9}]},{\"Modules\":[{\"Version\":\"0.0.0\",\"ModuleId\":9}]},{\"Modules\":[{\"Version\":\"0.0.0\",\"ModuleId\":9}]},{\"Modules\":[{\"Version\":\"0.0.0\",\"ModuleId\":9}]},{\"Modules\":[{\"Version\":\"0.0.0\",\"ModuleId\":9}]},{\"Modules\":[{\"Version\":\"0.0.0\",\"ModuleId\":9}]},{\"Modules\":[{\"Version\":\"0.0.0\",\"ModuleId\":9}]},{\"Modules\":[{\"Version\":\"0.0.0\",\"ModuleId\":9}]},{\"Modules\":[{\"Version\":\"0.0.0\",\"ModuleId\":9}]},{\"Modules\":[{\"Version\":\"0.0.0\",\"ModuleId\":9}]},{\"Modules\":[{\"Version\":\"0.0.0\",\"ModuleId\":9}]},{\"Modules\":[{\"Version\":\"0.0.0\",\"ModuleId\":9}]},{\"Modules\":[{\"Version\":\"0.0.0\",\"ModuleId\":9}]},{\"Modules\":[{\"Version\":\"0.0.0\",\"ModuleId\":9}]},{\"Modules\":[{\"Version\":\"0.0.0\",\"ModuleId\":9}]}]},{\"ItemId\":434,\"TotalCount\":6,\"UniqueItems\":[]},{\"ItemId\":425,\"TotalCount\":4,\"UniqueItems\":[]},{\"ItemId\":517,\"TotalCount\":1,\"UniqueItems\":[{\"Modules\":[{\"RecipeId\":-1,\"Version\":\"0.0.0\",\"ModuleId\":7}]}]},{\"ItemId\":507,\"TotalCount\":20,\"UniqueItems\":[{\"Modules\":[{\"Version\":\"0.0.0\",\"ModuleId\":9}]},{\"Modules\":[{\"Version\":\"0.0.0\",\"ModuleId\":9}]},{\"Modules\":[{\"Version\":\"0.0.0\",\"ModuleId\":9}]},{\"Modules\":[{\"Version\":\"0.0.0\",\"ModuleId\":9}]},{\"Modules\":[{\"Version\":\"0.0.0\",\"ModuleId\":9}]},{\"Modules\":[{\"Version\":\"0.0.0\",\"ModuleId\":9}]},{\"Modules\":[{\"Version\":\"0.0.0\",\"ModuleId\":9}]},{\"Modules\":[{\"Version\":\"0.0.0\",\"ModuleId\":9}]},{\"Modules\":[{\"Version\":\"0.0.0\",\"ModuleId\":9}]},{\"Modules\":[{\"Version\":\"0.0.0\",\"ModuleId\":9}]},{\"Modules\":[{\"Version\":\"0.0.0\",\"ModuleId\":9}]},{\"Modules\":[{\"Version\":\"0.0.0\",\"ModuleId\":9}]},{\"Modules\":[{\"Version\":\"0.0.0\",\"ModuleId\":9}]},{\"Modules\":[{\"Version\":\"0.0.0\",\"ModuleId\":9}]},{\"Modules\":[{\"Version\":\"0.0.0\",\"ModuleId\":9}]},{\"Modules\":[{\"Version\":\"0.0.0\",\"ModuleId\":9}]},{\"Modules\":[{\"Version\":\"0.0.0\",\"ModuleId\":9}]},{\"Modules\":[{\"Version\":\"0.0.0\",\"ModuleId\":9}]},{\"Modules\":[{\"Version\":\"0.0.0\",\"ModuleId\":9}]},{\"Modules\":[{\"Version\":\"0.0.0\",\"ModuleId\":9}]}]},{\"ItemId\":593,\"TotalCount\":10,\"UniqueItems\":[]},{\"ItemId\":368,\"TotalCount\":20,\"UniqueItems\":[]},{\"ItemId\":438,\"TotalCount\":6,\"UniqueItems\":[]},{\"ItemId\":421,\"TotalCount\":4,\"UniqueItems\":[]},{\"ItemId\":480,\"TotalCount\":2,\"UniqueItems\":[{\"Modules\":[{\"Version\":\"0.0.0\",\"ModuleId\":1},{\"CurrentState\":3,\"Version\":\"0.0.0\",\"ModuleId\":3},{\"Version\":\"0.0.0\"}]},{\"Modules\":[{\"Version\":\"0.0.0\",\"ModuleId\":1},{\"CurrentState\":3,\"Version\":\"0.0.0\",\"ModuleId\":3},{\"Version\":\"0.0.0\"}]}]},{\"ItemId\":482,\"TotalCount\":1,\"UniqueItems\":[{\"Modules\":[{\"Version\":\"0.0.0\",\"ModuleId\":1},{\"CurrentState\":3,\"Version\":\"0.0.0\",\"ModuleId\":3}]}]},{\"ItemId\":481,\"TotalCount\":2,\"UniqueItems\":[{\"Modules\":[{\"Version\":\"0.0.0\",\"ModuleId\":1},{\"CurrentState\":3,\"Version\":\"0.0.0\",\"ModuleId\":3},{\"Version\":\"0.0.0\"}]},{\"Modules\":[{\"Version\":\"0.0.0\",\"ModuleId\":1},{\"CurrentState\":3,\"Version\":\"0.0.0\",\"ModuleId\":3},{\"Version\":\"0.0.0\"}]}]},{\"ItemId\":346,\"TotalCount\":1,\"UniqueItems\":[]},{\"ItemId\":430,\"TotalCount\":3,\"UniqueItems\":[]},{\"ItemId\":727,\"TotalCount\":10,\"UniqueItems\":[]},{\"ItemId\":373,\"TotalCount\":20,\"UniqueItems\":[{\"Modules\":[{\"Version\":\"0.0.0\",\"ModuleId\":9}]},{\"Modules\":[{\"Version\":\"0.0.0\",\"ModuleId\":9}]},{\"Modules\":[{\"Version\":\"0.0.0\",\"ModuleId\":9}]},{\"Modules\":[{\"Version\":\"0.0.0\",\"ModuleId\":9}]},{\"Modules\":[{\"Version\":\"0.0.0\",\"ModuleId\":9}]},{\"Modules\":[{\"Version\":\"0.0.0\",\"ModuleId\":9}]},{\"Modules\":[{\"Version\":\"0.0.0\",\"ModuleId\":9}]},{\"Modules\":[{\"Version\":\"0.0.0\",\"ModuleId\":9}]},{\"Modules\":[{\"Version\":\"0.0.0\",\"ModuleId\":9}]},{\"Modules\":[{\"Version\":\"0.0.0\",\"ModuleId\":9}]},{\"Modules\":[{\"Version\":\"0.0.0\",\"ModuleId\":9}]},{\"Modules\":[{\"Version\":\"0.0.0\",\"ModuleId\":9}]},{\"Modules\":[{\"Version\":\"0.0.0\",\"ModuleId\":9}]},{\"Modules\":[{\"Version\":\"0.0.0\",\"ModuleId\":9}]},{\"Modules\":[{\"Version\":\"0.0.0\",\"ModuleId\":9}]},{\"Modules\":[{\"Version\":\"0.0.0\",\"ModuleId\":9}]},{\"Modules\":[{\"Version\":\"0.0.0\",\"ModuleId\":9}]},{\"Modules\":[{\"Version\":\"0.0.0\",\"ModuleId\":9}]},{\"Modules\":[{\"Version\":\"0.0.0\",\"ModuleId\":9}]},{\"Modules\":[{\"Version\":\"0.0.0\",\"ModuleId\":9}]}]},{\"ItemId\":401,\"TotalCount\":4,\"UniqueItems\":[]},{\"ItemId\":356,\"TotalCount\":1,\"UniqueItems\":[{\"Modules\":[{\"ChannelWeights\":{\"x\":1.401298E-45},\"Version\":\"0.0.0\"},{\"Version\":\"0.0.0\",\"ModuleId\":8}]}]},{\"ItemId\":376,\"TotalCount\":1,\"UniqueItems\":[]},{\"ItemId\":378,\"TotalCount\":1,\"UniqueItems\":[]},{\"ItemId\":375,\"TotalCount\":1,\"UniqueItems\":[]},{\"ItemId\":374,\"TotalCount\":1,\"UniqueItems\":[]},{\"ItemId\":412,\"TotalCount\":1,\"UniqueItems\":[]},{\"ItemId\":491,\"TotalCount\":1,\"UniqueItems\":[]}]}}"}}