{"Version":"0.0.0","Data":{"PlayerState":"{\"Version\":\"1.0.0\",\"_entries\":[{\"Name\":\"isNewItemInInventory_00000483\"},{\"Name\":\"isNewItemInInventory_00000402\"},{\"Name\":\"crafted.00000379\",\"SettingType\":1,\"IntValue\":1},{\"Name\":\"crafted.00000412\",\"SettingType\":1,\"IntValue\":1},{\"Name\":\"crafted.00000413\",\"SettingType\":1,\"IntValue\":1},{\"Name\":\"crafted.00000589\",\"SettingType\":1,\"IntValue\":1},{\"Name\":\"isNewCraftingRecipe_StartingEmergencyPackRecipe\"},{\"Name\":\"seenFirstTimeEquip_00000379\",\"BoolValue\":true},{\"Name\":\"GotTutorialTarp\",\"BoolValue\":true},{\"Name\":\"isNewItemInInventory_00000441\"},{\"Name\":\"isNewCraftingRecipeTutorial_CraftedSpearRecipe\"},{\"Name\":\"isNewItemInInventory_00000379\"},{\"Name\":\"isNewItemInInventory_00000380\"},{\"Name\":\"isNewItemInInventory_00000392\"},{\"Name\":\"isNewItemInInventory_00000486\"},{\"Name\":\"isNewItemInInventory_00000419\"},{\"Name\":\"crafted.00000474\",\"SettingType\":1,\"IntValue\":6},{\"Name\":\"isNewCraftingRecipe_CraftedSpearRecipe\"},{\"Name\":\"isNewItemInInventory_00000420\"},{\"Name\":\"isNewItemInInventory_00000589\"},{\"Name\":\"isNewItemInInventory_00000438\"},{\"Name\":\"isNewItemInInventory_00000474\"},{\"Name\":\"isNewCraftingRecipeTutorial_LeafArmourRecipe\"},{\"Name\":\"isNewCraftingRecipeTutorial_MolotovRecipe\"},{\"Name\":\"isNewCraftingRecipeTutorial_TorchRecipe\"},{\"Name\":\"HasSeenBuildStorageTutorial\",\"BoolValue\":true},{\"Name\":\"hasOwned_00000402\",\"BoolValue\":true},{\"Name\":\"seenFirstTimeEquip_00000413\",\"BoolValue\":true},{\"Name\":\"ShowMissingTacticalsTutorial\"},{\"Name\":\"ShowMissingPufftonsTutorial\"},{\"Name\":\"seenFirstTimeEquip_00000412\",\"BoolValue\":true},{\"Name\":\"GpsZoomTutorialComplete\",\"BoolValue\":true},{\"Name\":\"GPSZoomLevel\",\"SettingType\":1,\"IntValue\":1},{\"Name\":\"consumed.00000437\",\"SettingType\":1,\"IntValue\":18},{\"Name\":\"isNewItemInInventory_00000430\"},{\"Name\":\"isNewCraftingRecipeTutorial_CraftedBowRecipe\"},{\"Name\":\"isNewCraftingRecipeTutorial_CraftedClubRecipe\"},{\"Name\":\"isNewItemInInventory_00000403\"},{\"Name\":\"isNewItemInInventory_00000405\"},{\"Name\":\"crafted.00000477\",\"SettingType\":1,\"IntValue\":1},{\"Name\":\"isNewCraftingRecipe_CraftedClubRecipe\"},{\"Name\":\"isNewItemInInventory_00000415\"},{\"Name\":\"crafted.00000503\",\"SettingType\":1,\"IntValue\":1},{\"Name\":\"isNewCraftingRecipe_TorchRecipe\"},{\"Name\":\"isNewItemInInventory_00000477\"},{\"Name\":\"TorchWasLit\",\"BoolValue\":true},{\"Name\":\"isNewItemInInventory_00000503\"},{\"Name\":\"seenFirstTimeEquip_00000396\",\"BoolValue\":true},{\"Name\":\"isNewItemInInventory_00000396\"},{\"Name\":\"isNewItemInInventory_00000437\"},{\"Name\":\"isNewItemInInventory_00000433\"},{\"Name\":\"consumed.00000433\",\"SettingType\":1,\"IntValue\":4},{\"Name\":\"hasOwned_00000694\",\"BoolValue\":true},{\"Name\":\"isNewCraftingRecipeTutorial_BoneArmourRecipe\"},{\"Name\":\"isNewCraftingRecipeTutorial_CraftedAxeRecipe\"},{\"Name\":\"hasOwned_00000726\",\"BoolValue\":true},{\"Name\":\"DiscoverablePageUnlocked_726\",\"BoolValue\":true},{\"Name\":\"InventoryLightsActive\"},{\"Name\":\"seenFirstTimeEquip_00000589\",\"BoolValue\":true},{\"Name\":\"Strength\",\"SettingType\":2,\"FloatValue\":100.0},{\"Name\":\"StrengthLevel\",\"SettingType\":1,\"IntValue\":100},{\"Name\":\"CurrentStrength\",\"SettingType\":2,\"FloatValue\":9999999.0},{\"Name\":\"RequiredCurrentStrengthPerLevel\",\"SettingType\":2,\"FloatValue\":5602.56},{\"Name\":\"MaxHealth\",\"SettingType\":2,\"FloatValue\":138.0},{\"Name\":\"CurrentHealth\",\"SettingType\":2,\"FloatValue\":138.0},{\"Name\":\"TargetHealth\",\"SettingType\":2,\"FloatValue\":138.0},{\"Name\":\"Sickness\",\"SettingType\":2},{\"Name\":\"Hydration\",\"SettingType\":2,\"FloatValue\":36.9337845},{\"Name\":\"Fullness\",\"SettingType\":2,\"FloatValue\":36.9337845},{\"Name\":\"Rest\",\"SettingType\":2,\"FloatValue\":44.6617},{\"Name\":\"Stamina\",\"SettingType\":2,\"FloatValue\":45.5882568},{\"Name\":\"HydrationBuff\",\"SettingType\":2,\"FloatValue\":-17.70967},{\"Name\":\"FullnessBuff\",\"SettingType\":2,\"FloatValue\":-26.5487537},{\"Name\":\"RestBuff\",\"SettingType\":2,\"FloatValue\":-8.583069E-06},{\"Name\":\"CookingBuffTimeRemaining\",\"SettingType\":2,\"FloatValue\":-0.192749381},{\"Name\":\"CookingBuffRecipe\",\"SettingType\":1,\"IntValue\":-1},{\"Name\":\"player.position\",\"SettingType\":4,\"FloatArrayValue\":[-1135.71362,134.7689,-178.5498]},{\"Name\":\"player.rotation\",\"SettingType\":4,\"FloatArrayValue\":[-1.39698351E-08,-0.986078,0.0,0.166283235]},{\"Name\":\"player.areaMask\",\"SettingType\":1},{\"Name\":\"MissingTacticalFound_Hanging\",\"BoolValue\":true},{\"Name\":\"MissingTacticalsFound\",\"SettingType\":1,\"IntValue\":1},{\"Name\":\"isNewCraftingRecipeTutorial_FlashlightRechargeRecipe\"},{\"Name\":\"isNewCraftingRecipeTutorial_EnergyMixRecipe\"},{\"Name\":\"isNewItemInInventory_00000471\"},{\"Name\":\"isNewItemInInventory_00000434\"},{\"Name\":\"isNewItemInInventory_00000508\"},{\"Name\":\"crafted.00000419\",\"SettingType\":1,\"IntValue\":11},{\"Name\":\"crafted.00000437\",\"SettingType\":1,\"IntValue\":9},{\"Name\":\"crafted.00000447\",\"SettingType\":1,\"IntValue\":1},{\"Name\":\"crafted.00000418\",\"SettingType\":1,\"IntValue\":10},{\"Name\":\"crafted.00000502\",\"SettingType\":1,\"IntValue\":5},{\"Name\":\"isNewCraftingRecipe_LootPouchRecipe\"},{\"Name\":\"isNewItemInInventory_00000626\"},{\"Name\":\"isNewItemInInventory_00000439\"},{\"Name\":\"consumed.00000439\",\"SettingType\":1,\"IntValue\":21},{\"Name\":\"hasOwned_00000490\",\"BoolValue\":true},{\"Name\":\"hasOwned_00000544\",\"BoolValue\":true},{\"Name\":\"HasDismountedFromKnightVBefore\",\"BoolValue\":true},{\"Name\":\"hasOwned_00000615\",\"BoolValue\":true},{\"Name\":\"consumed.00000438\",\"SettingType\":1,\"IntValue\":10},{\"Name\":\"SCREWBookLastUsed\",\"BoolValue\":true},{\"Name\":\"BlueprintBookPageIndex\",\"SettingType\":1,\"IntValue\":8},{\"Name\":\"isNewItemInInventory_00000356\"},{\"Name\":\"DoneRemoveStructureElementTutorial\",\"BoolValue\":true},{\"Name\":\"isNewItemInInventory_00000476\"},{\"Name\":\"isNewItemInInventory_00000418\"},{\"Name\":\"isNewItemInInventory_00000393\"},{\"Name\":\"crafted.00000422\",\"SettingType\":1,\"IntValue\":1},{\"Name\":\"isNewCraftingRecipe_CraftedAxeRecipe\"},{\"Name\":\"isNewItemInInventory_00000422\"},{\"Name\":\"isNewItemInInventory_00000416\"},{\"Name\":\"isNewItemInInventory_00000459\"},{\"Name\":\"isNewItemInInventory_00000381\"},{\"Name\":\"isNewItemInInventory_00000445\"},{\"Name\":\"isNewItemInInventory_00000599\"},{\"Name\":\"consumed.00000445\",\"SettingType\":1,\"IntValue\":53},{\"Name\":\"isNewItemInInventory_00000454\"},{\"Name\":\"isNewItemInInventory_00000465\"},{\"Name\":\"isNewItemInInventory_00000601\"},{\"Name\":\"isNewItemInInventory_00000453\"},{\"Name\":\"isNewItemInInventory_00000606\"},{\"Name\":\"isNewItemInInventory_00000452\"},{\"Name\":\"isNewItemInInventory_00000398\"},{\"Name\":\"isNewItemInInventory_00000604\"},{\"Name\":\"isNewItemInInventory_00000447\"},{\"Name\":\"isNewItemInInventory_00000484\"},{\"Name\":\"isNewItemInInventory_00000635\"},{\"Name\":\"isNewItemInInventory_00000412\"},{\"Name\":\"isNewCraftingRecipeTutorial_CraftedArrowsRecipe\"},{\"Name\":\"isNewItemInInventory_00000479\"},{\"Name\":\"crafted.00000433\",\"SettingType\":1,\"IntValue\":1},{\"Name\":\"crafted.00000410\",\"SettingType\":1,\"IntValue\":3},{\"Name\":\"crafted.00000496\",\"SettingType\":1,\"IntValue\":5},{\"Name\":\"crafted.00000439\",\"SettingType\":1,\"IntValue\":3},{\"Name\":\"crafted.00000466\",\"SettingType\":1,\"IntValue\":7},{\"Name\":\"isNewItemInInventory_00000690\"},{\"Name\":\"crafted.00000364\",\"SettingType\":1,\"IntValue\":1},{\"Name\":\"isNewItemInInventory_00000410\"},{\"Name\":\"isNewItemInInventory_00000646\"},{\"Name\":\"isNewItemInInventory_00000480\"},{\"Name\":\"consumed.00000441\",\"SettingType\":1,\"IntValue\":12},{\"Name\":\"crafted.00000362\",\"SettingType\":1,\"IntValue\":1},{\"Name\":\"crafted.00000446\",\"SettingType\":1,\"IntValue\":1},{\"Name\":\"isNewItemInInventory_00000466\"},{\"Name\":\"isNewItemInInventory_00000414\"},{\"Name\":\"isNewItemInInventory_00000517\"},{\"Name\":\"crafted.00000443\",\"SettingType\":1,\"IntValue\":1},{\"Name\":\"isNewCraftingRecipe_CraftedBowRecipe\"},{\"Name\":\"isNewItemInInventory_00000527\"},{\"Name\":\"isNewItemInInventory_00000362\"},{\"Name\":\"isNewItemInInventory_00000387\"},{\"Name\":\"isNewItemInInventory_00000364\"},{\"Name\":\"isNewItemInInventory_00000440\"},{\"Name\":\"isNewItemInInventory_00000603\"},{\"Name\":\"isNewItemInInventory_00000400\"},{\"Name\":\"isNewItemInInventory_00000399\"},{\"Name\":\"isNewCraftingRecipeTutorial_HealthMixPlusRecipe\"},{\"Name\":\"isNewCraftingRecipeTutorial_HealthMixRecipe\"},{\"Name\":\"crafted.00000507\",\"SettingType\":1,\"IntValue\":8},{\"Name\":\"isNewCraftingRecipe_CraftedArrowsRecipe\"},{\"Name\":\"isNewCraftingRecipeTutorial_CraftedArrowExplosiveUpgradeRecipe\"},{\"Name\":\"isNewCraftingRecipeTutorial_CraftedArrowPoisonUpgradeRecipe\"},{\"Name\":\"isNewCraftingRecipeTutorial_CraftedArrowShockUpgradeRecipe\"},{\"Name\":\"consumed.00000517\",\"SettingType\":1,\"IntValue\":2},{\"Name\":\"isNewItemInInventory_00000443\"},{\"Name\":\"isNewItemInInventory_00000634\"},{\"Name\":\"isNewItemInInventory_00000523\"},{\"Name\":\"isNewItemInInventory_00000661\"},{\"Name\":\"isNewItemInInventory_00000413\"},{\"Name\":\"isNewItemInInventory_00000425\"},{\"Name\":\"consumed.00000425\",\"SettingType\":1,\"IntValue\":1},{\"Name\":\"isNewItemInInventory_00000504\"},{\"Name\":\"isNewItemInInventory_00000507\"},{\"Name\":\"isNewItemInInventory_00000502\"},{\"Name\":\"crafted.00000441\",\"SettingType\":1,\"IntValue\":2},{\"Name\":\"DoneBuildFireTutorial\",\"BoolValue\":true},{\"Name\":\"isNewItemInInventory_00000490\"},{\"Name\":\"isNewItemInInventory_00000495\"},{\"Name\":\"crafted.00000363\",\"SettingType\":1,\"IntValue\":1},{\"Name\":\"isNewItemInInventory_00000590\"},{\"Name\":\"TutorialBookPageIndex\",\"SettingType\":1,\"IntValue\":21},{\"Name\":\"crafted.00000445\",\"SettingType\":1,\"IntValue\":1},{\"Name\":\"isNewCraftingRecipeTutorial_TimeBombRecipe\"},{\"Name\":\"HasBeenTiredBefore\",\"BoolValue\":true},{\"Name\":\"isNewItemInInventory_00000496\"},{\"Name\":\"isNewItemInInventory_00000446\"},{\"Name\":\"isNewItemInInventory_00000596\"},{\"Name\":\"isNewItemInInventory_00000451\"},{\"Name\":\"crafted.00000455\",\"SettingType\":1,\"IntValue\":3},{\"Name\":\"isNewCraftingRecipe_HealthMixRecipe\"},{\"Name\":\"consumed.00000455\",\"SettingType\":1,\"IntValue\":4},{\"Name\":\"isNewItemInInventory_00000397\"},{\"Name\":\"isNewItemInInventory_00000455\"},{\"Name\":\"isNewItemInInventory_00000618\"},{\"Name\":\"isNewCraftingRecipeTutorial_PrintedArrowExplosiveUpgradeRecipe\"},{\"Name\":\"isNewCraftingRecipeTutorial_PrintedArrowPoisonUpgradeRecipe\"},{\"Name\":\"isNewCraftingRecipeTutorial_PrintedArrowShockUpgradeRecipe\"},{\"Name\":\"isNewItemInInventory_00000426\"},{\"Name\":\"isNewItemInInventory_00000657\"},{\"Name\":\"isNewCraftingRecipeTutorial_GpsLocatorRecipe\"},{\"Name\":\"isNewItemInInventory_00000560\"},{\"Name\":\"isNewCraftingRecipeTutorial_ZiplineRopeRecipe\"},{\"Name\":\"isNewItemInInventory_00000428\"},{\"Name\":\"isNewItemInInventory_00000390\"},{\"Name\":\"isNewItemInInventory_00000469\"},{\"Name\":\"isNewItemInInventory_00000467\"},{\"Name\":\"isNewItemInInventory_00000597\"},{\"Name\":\"isNewItemInInventory_00000341\"},{\"Name\":\"isNewItemInInventory_00000595\"},{\"Name\":\"isNewItemInInventory_00000598\"},{\"Name\":\"isNewItemInInventory_00000552\"},{\"Name\":\"isNewItemInInventory_00000659\"},{\"Name\":\"isNewItemInInventory_00000730\"},{\"Name\":\"isNewItemInInventory_00000702\"},{\"Name\":\"isNewItemInInventory_00000700\"},{\"Name\":\"isNewItemInInventory_00000704\"},{\"Name\":\"isNewItemInInventory_00000494\"},{\"Name\":\"isNewItemInInventory_00000509\"},{\"Name\":\"isNewItemInInventory_00000432\"},{\"Name\":\"isNewCraftingRecipeTutorial_CatFoodRecipe\"},{\"Name\":\"isNewItemInInventory_00000464\"},{\"Name\":\"isNewItemInInventory_00000605\"},{\"Name\":\"isNewItemInInventory_00000705\"},{\"Name\":\"isNewCraftingRecipeTutorial_PrintedArrowFireUpgradeRecipe\"},{\"Name\":\"isNewItemInInventory_00000355\"},{\"Name\":\"isNewItemInInventory_00000376\"},{\"Name\":\"isNewCraftingRecipeTutorial_CraftedArrowFireUpgradeRecipe\"},{\"Name\":\"isNewItemInInventory_00000593\"},{\"Name\":\"isNewItemInInventory_00000592\"},{\"Name\":\"isNewItemInInventory_00000468\"},{\"Name\":\"isNewItemInInventory_00000365\"},{\"Name\":\"isNewItemInInventory_00000368\"},{\"Name\":\"isNewItemInInventory_00000633\"},{\"Name\":\"isNewItemInInventory_00000651\"},{\"Name\":\"isNewItemInInventory_00000472\"},{\"Name\":\"isNewCraftingRecipeTutorial_DeerHideArmourRecipe\"},{\"Name\":\"isNewItemInInventory_00000519\"},{\"Name\":\"isNewItemInInventory_00000449\"},{\"Name\":\"isNewCraftingRecipeTutorial_EnergyMixPlusRecipe\"},{\"Name\":\"isNewItemInInventory_00000600\"},{\"Name\":\"isNewItemInInventory_00000642\"},{\"Name\":\"isNewItemInInventory_00000643\"},{\"Name\":\"isNewItemInInventory_00000539\"},{\"Name\":\"isNewItemInInventory_00000540\"},{\"Name\":\"hasOwned_00000540\",\"BoolValue\":true},{\"Name\":\"isNewItemInInventory_00000541\"},{\"Name\":\"hasOwned_00000541\",\"BoolValue\":true},{\"Name\":\"isNewItemInInventory_00000545\"},{\"Name\":\"hasOwned_00000545\",\"BoolValue\":true},{\"Name\":\"isNewItemInInventory_00000521\"},{\"Name\":\"hasOwned_00000521\",\"BoolValue\":true},{\"Name\":\"isNewItemInInventory_00000534\"},{\"Name\":\"hasOwned_00000534\",\"BoolValue\":true},{\"Name\":\"isNewItemInInventory_00000535\"},{\"Name\":\"hasOwned_00000535\",\"BoolValue\":true},{\"Name\":\"isNewItemInInventory_00000536\"},{\"Name\":\"hasOwned_00000536\",\"BoolValue\":true},{\"Name\":\"isNewItemInInventory_00000537\"},{\"Name\":\"hasOwned_00000537\",\"BoolValue\":true},{\"Name\":\"isNewItemInInventory_00000614\"},{\"Name\":\"hasOwned_00000614\",\"BoolValue\":true},{\"Name\":\"isNewItemInInventory_00000615\"},{\"Name\":\"isNewItemInInventory_00000616\"},{\"Name\":\"hasOwned_00000616\",\"BoolValue\":true},{\"Name\":\"isNewItemInInventory_00000528\"},{\"Name\":\"isNewItemInInventory_00000526\"},{\"Name\":\"hasOwned_00000526\",\"BoolValue\":true},{\"Name\":\"isNewItemInInventory_00000538\"},{\"Name\":\"hasOwned_00000538\",\"BoolValue\":true},{\"Name\":\"isNewItemInInventory_00000542\"},{\"Name\":\"hasOwned_00000542\",\"BoolValue\":true},{\"Name\":\"isNewItemInInventory_00000543\"},{\"Name\":\"hasOwned_00000543\",\"BoolValue\":true},{\"Name\":\"isNewItemInInventory_00000544\"},{\"Name\":\"isNewItemInInventory_00000546\"},{\"Name\":\"hasOwned_00000546\",\"BoolValue\":true},{\"Name\":\"isNewItemInInventory_00000547\"},{\"Name\":\"hasOwned_00000547\",\"BoolValue\":true},{\"Name\":\"isNewItemInInventory_00000548\"},{\"Name\":\"hasOwned_00000548\",\"BoolValue\":true},{\"Name\":\"isNewItemInInventory_00000461\"},{\"Name\":\"isNewItemInInventory_00000462\"},{\"Name\":\"isNewItemInInventory_00000431\"},{\"Name\":\"isNewItemInInventory_00000436\"},{\"Name\":\"isNewItemInInventory_00000378\"},{\"Name\":\"isNewItemInInventory_00000569\"},{\"Name\":\"isNewItemInInventory_00000570\"},{\"Name\":\"isNewItemInInventory_00000571\"},{\"Name\":\"isNewItemInInventory_00000572\"},{\"Name\":\"hasOwned_00000572\",\"BoolValue\":true},{\"Name\":\"isNewItemInInventory_00000435\"},{\"Name\":\"isNewItemInInventory_00000524\"},{\"Name\":\"isNewItemInInventory_00000525\"},{\"Name\":\"isNewItemInInventory_00000529\"},{\"Name\":\"isNewItemInInventory_00000351\"},{\"Name\":\"isNewItemInInventory_00000594\"},{\"Name\":\"isNewItemInInventory_00000602\"},{\"Name\":\"isNewItemInInventory_00000340\"},{\"Name\":\"isNewItemInInventory_00000456\"},{\"Name\":\"isNewItemInInventory_00000562\"},{\"Name\":\"isNewItemInInventory_00000563\"},{\"Name\":\"isNewItemInInventory_00000564\"},{\"Name\":\"isNewItemInInventory_00000565\"},{\"Name\":\"isNewItemInInventory_00000450\"},{\"Name\":\"isNewItemInInventory_00000367\"},{\"Name\":\"isNewItemInInventory_00000567\"},{\"Name\":\"hasOwned_00000567\",\"BoolValue\":true},{\"Name\":\"isNewItemInInventory_00000566\"},{\"Name\":\"hasOwned_00000566\",\"BoolValue\":true},{\"Name\":\"isNewItemInInventory_00000568\"},{\"Name\":\"hasOwned_00000568\",\"BoolValue\":true},{\"Name\":\"isNewItemInInventory_00000375\"},{\"Name\":\"isNewItemInInventory_00000473\"},{\"Name\":\"isNewItemInInventory_00000493\"},{\"Name\":\"hasOwned_00000493\",\"BoolValue\":true},{\"Name\":\"isNewItemInInventory_00000359\"},{\"Name\":\"isNewItemInInventory_00000388\"},{\"Name\":\"isNewItemInInventory_00000389\"},{\"Name\":\"isNewItemInInventory_00000652\"},{\"Name\":\"isNewItemInInventory_00000354\"},{\"Name\":\"isNewItemInInventory_00000423\"},{\"Name\":\"isNewItemInInventory_00000424\"},{\"Name\":\"isNewItemInInventory_00000574\"},{\"Name\":\"isNewItemInInventory_00000575\"},{\"Name\":\"isNewItemInInventory_00000631\"},{\"Name\":\"isNewItemInInventory_00000611\"},{\"Name\":\"hasOwned_00000611\",\"BoolValue\":true},{\"Name\":\"isNewItemInInventory_00000491\"},{\"Name\":\"hasOwned_00000491\",\"BoolValue\":true},{\"Name\":\"isNewItemInInventory_00000518\"},{\"Name\":\"isNewItemInInventory_00000653\"},{\"Name\":\"hasOwned_00000653\",\"BoolValue\":true},{\"Name\":\"isNewItemInInventory_00000654\"},{\"Name\":\"hasOwned_00000654\",\"BoolValue\":true},{\"Name\":\"isNewItemInInventory_00000655\"},{\"Name\":\"hasOwned_00000655\",\"BoolValue\":true},{\"Name\":\"isNewItemInInventory_00000663\"},{\"Name\":\"isNewItemInInventory_00000370\"},{\"Name\":\"isNewItemInInventory_00000374\"},{\"Name\":\"isNewItemInInventory_00000703\"},{\"Name\":\"hasOwned_00000703\",\"BoolValue\":true},{\"Name\":\"isNewItemInInventory_00000500\"},{\"Name\":\"hasOwned_00000500\",\"BoolValue\":true},{\"Name\":\"isNewItemInInventory_00000715\"},{\"Name\":\"isNewItemInInventory_00000421\"},{\"Name\":\"isNewItemInInventory_00000444\"},{\"Name\":\"hasOwned_00000444\",\"BoolValue\":true},{\"Name\":\"isNewItemInInventory_00000391\"},{\"Name\":\"isNewItemInInventory_00000386\"},{\"Name\":\"isNewItemInInventory_00000361\"},{\"Name\":\"isNewItemInInventory_00000522\"},{\"Name\":\"isNewItemInInventory_00000648\"},{\"Name\":\"isNewItemInInventory_00000482\"},{\"Name\":\"isNewItemInInventory_00000481\"},{\"Name\":\"isNewItemInInventory_00000371\"},{\"Name\":\"isNewItemInInventory_00000372\"},{\"Name\":\"isNewItemInInventory_00000358\"},{\"Name\":\"isNewItemInInventory_00000346\"},{\"Name\":\"isNewItemInInventory_00000485\"},{\"Name\":\"isNewItemInInventory_00000487\"},{\"Name\":\"hasOwned_00000487\",\"BoolValue\":true},{\"Name\":\"isNewItemInInventory_00000729\"},{\"Name\":\"isNewItemInInventory_00000363\"},{\"Name\":\"isNewItemInInventory_00000644\"},{\"Name\":\"isNewItemInInventory_00000448\"},{\"Name\":\"isNewItemInInventory_00000725\"},{\"Name\":\"isNewItemInInventory_00000727\"},{\"Name\":\"isNewItemInInventory_00000664\"},{\"Name\":\"isNewItemInInventory_00000639\"},{\"Name\":\"hasOwned_00000639\",\"BoolValue\":true},{\"Name\":\"isNewItemInInventory_00000647\"},{\"Name\":\"isNewItemInInventory_00000617\"},{\"Name\":\"isNewItemInInventory_00000353\"},{\"Name\":\"isNewItemInInventory_00000369\"},{\"Name\":\"isNewItemInInventory_00000457\"},{\"Name\":\"isNewItemInInventory_00000360\"},{\"Name\":\"isNewItemInInventory_00000373\"},{\"Name\":\"isNewCraftingRecipeTutorial_TacticalArrowExplosiveUpgradeRecipe\"},{\"Name\":\"isNewCraftingRecipeTutorial_TacticalArrowFireUpgradeRecipe\"},{\"Name\":\"isNewCraftingRecipeTutorial_TacticalArrowPoisonUpgradeRecipe\"},{\"Name\":\"isNewCraftingRecipeTutorial_TacticalArrowShockUpgradeRecipe\"},{\"Name\":\"isNewItemInInventory_00000394\"},{\"Name\":\"isNewCraftingRecipeTutorial_ChainsawRechargeRecipe\"},{\"Name\":\"isNewItemInInventory_00000489\"},{\"Name\":\"isNewItemInInventory_00000554\"},{\"Name\":\"isNewItemInInventory_00000553\"},{\"Name\":\"isNewCraftingRecipeTutorial_TechArmourRecipe\"},{\"Name\":\"isNewItemInInventory_00000417\"},{\"Name\":\"isNewItemInInventory_00000401\"},{\"Name\":\"isNewItemInInventory_00000650\"},{\"Name\":\"isNewItemInInventory_00000506\"},{\"Name\":\"isNewItemInInventory_00000492\"},{\"Name\":\"hasOwned_00000492\",\"BoolValue\":true},{\"Name\":\"isNewItemInInventory_00000724\"},{\"Name\":\"isNewItemInInventory_00000558\"},{\"Name\":\"hasOwned_00000558\",\"BoolValue\":true},{\"Name\":\"isNewItemInInventory_00000556\"},{\"Name\":\"hasOwned_00000556\",\"BoolValue\":true},{\"Name\":\"isNewItemInInventory_00000557\"},{\"Name\":\"hasOwned_00000557\",\"BoolValue\":true},{\"Name\":\"isNewItemInInventory_00000619\"},{\"Name\":\"hasOwned_00000619\",\"BoolValue\":true},{\"Name\":\"isNewItemInInventory_00000555\"},{\"Name\":\"hasOwned_00000555\",\"BoolValue\":true},{\"Name\":\"isNewItemInInventory_00000499\"},{\"Name\":\"hasOwned_00000499\",\"BoolValue\":true},{\"Name\":\"seenFirstTimeEquip_00000391\",\"BoolValue\":true},{\"Name\":\"seenFirstTimeEquip_00000386\",\"BoolValue\":true},{\"Name\":\"seenFirstTimeEquip_00000394\",\"BoolValue\":true},{\"Name\":\"seenFirstTimeEquip_00000358\",\"BoolValue\":true},{\"Name\":\"crafted.00000358\",\"SettingType\":1,\"IntValue\":1},{\"Name\":\"isNewCraftingRecipe_ShotgunRailRecipe\"},{\"Name\":\"consumed.00000426\",\"SettingType\":1,\"IntValue\":1},{\"Name\":\"consumed.00000456\",\"SettingType\":1,\"IntValue\":2},{\"Name\":\"seenFirstTimeEquip_00000367\",\"BoolValue\":true},{\"Name\":\"seenFirstTimeEquip_00000468\",\"BoolValue\":true},{\"Name\":\"seenFirstTimeEquip_00000486\",\"BoolValue\":true},{\"Name\":\"crafted.00000355\",\"SettingType\":1,\"IntValue\":4},{\"Name\":\"isNewCraftingRecipe_CompactPistolRailModRecipe\"},{\"Name\":\"isNewCraftingRecipe_CompactPistolFlashlightModRecipe\"},{\"Name\":\"isNewCraftingRecipe_CompactPistolLaserSightModRecipe\"},{\"Name\":\"isNewCraftingRecipe_CompactPistolSilencerModRecipe\"},{\"Name\":\"seenFirstTimeEquip_00000355\",\"BoolValue\":true},{\"Name\":\"HasDismountedFromGolfCartBefore\",\"BoolValue\":true},{\"Name\":\"GolfCartRadioActive\"},{\"Name\":\"consumed.00000571\",\"SettingType\":1,\"IntValue\":1},{\"Name\":\"consumed.00000569\",\"SettingType\":1,\"IntValue\":1},{\"Name\":\"consumed.00000570\",\"SettingType\":1,\"IntValue\":1},{\"Name\":\"seenFirstTimeEquip_00000359\",\"BoolValue\":true},{\"Name\":\"consumed.00000481\",\"SettingType\":1,\"IntValue\":1},{\"Name\":\"seenFirstTimeEquip_00000471\",\"BoolValue\":true}],\"NamedInts\":[{\"SaveObjectNameId\":\"BunkerLuxury.Cutscene.MutantBossIntro\"},{\"SaveObjectNameId\":\"BunkerResidential.Cutscene.GetDownSon\"}]}"}}