{"Version":"0.0.0","Data":{"PlayerArmourSystem":"{\"Version\":\"0.0.0\",\"ArmourPieces\":[{\"ItemId\":554,\"Slot\":4,\"RemainingArmourpoints\":100.0},{\"ItemId\":554,\"Slot\":5,\"RemainingArmourpoints\":100.0},{\"ItemId\":554,\"Slot\":6,\"RemainingArmourpoints\":100.0},{\"ItemId\":554,\"Slot\":7,\"RemainingArmourpoints\":100.0},{\"ItemId\":554,\"Slot\":8,\"RemainingArmourpoints\":100.0},{\"ItemId\":554,\"Slot\":9,\"RemainingArmourpoints\":41.5},{\"ItemId\":554,\"Slot\":10,\"RemainingArmourpoints\":100.0},{\"ItemId\":554,\"Slot\":11,\"RemainingArmourpoints\":100.0}]}"}}