{"Version":"0.0.0","Data":{"ScrewStructureInstances":"{\"_structures\":[{\"Id\":53,\"Pos\":{\"x\":-792.289,\"y\":105.477005,\"z\":630.9243},\"Rot\":{\"y\":0.9683098,\"w\":0.249752149},\"Storages\":[],\"Modules\":[]},{\"Id\":53,\"Pos\":{\"x\":-794.427063,\"y\":105.501556,\"z\":630.105957},\"Rot\":{\"y\":0.9779531,\"w\":0.208824977},\"Storages\":[],\"Modules\":[]},{\"Id\":53,\"Pos\":{\"x\":-796.5503,\"y\":105.477936,\"z\":629.295837},\"Rot\":{\"y\":0.9815379,\"w\":0.191267774},\"Storages\":[],\"Modules\":[]},{\"Id\":53,\"Pos\":{\"x\":-800.796448,\"y\":105.538895,\"z\":627.677734},\"Rot\":{\"y\":0.9875385,\"w\":0.157377675},\"Storages\":[],\"Modules\":[]},{\"Id\":53,\"Pos\":{\"x\":-802.876831,\"y\":105.525055,\"z\":626.8847},\"Rot\":{\"y\":0.9789207,\"w\":0.204240859},\"Storages\":[],\"Modules\":[]},{\"Id\":53,\"Pos\":{\"x\":-779.6201,\"y\":105.676544,\"z\":635.7521},\"Rot\":{\"y\":0.969372869,\"w\":0.2455938},\"Storages\":[],\"Modules\":[]},{\"Id\":53,\"Pos\":{\"x\":-809.2229,\"y\":105.574196,\"z\":624.4656},\"Rot\":{\"y\":0.982172549,\"w\":0.18798162},\"Storages\":[],\"Modules\":[]},{\"Id\":53,\"Pos\":{\"x\":-808.716,\"y\":105.614853,\"z\":617.7568},\"Rot\":{\"y\":0.5902936,\"w\":0.80718863},\"Storages\":[],\"Modules\":[]},{\"Id\":53,\"Pos\":{\"x\":-803.8911,\"y\":105.536758,\"z\":605.099365},\"Rot\":{\"y\":0.5736972,\"w\":0.8190675},\"Storages\":[],\"Modules\":[]},{\"Id\":58,\"Pos\":{\"x\":-798.8031,\"y\":102.611771,\"z\":610.4878},\"Rot\":{\"x\":0.00188422657,\"y\":0.999919534,\"z\":0.004997462,\"w\":0.0115061291},\"Storages\":[{\"Version\":\"0.0.0\",\"ItemBlocks\":[]},{\"Version\":\"0.0.0\",\"ItemBlocks\":[]},{\"Version\":\"0.0.0\",\"ItemBlocks\":[{\"ItemId\":640,\"TotalCount\":12,\"UniqueItems\":[]}]},{\"Version\":\"0.0.0\",\"ItemBlocks\":[]},{\"Version\":\"0.0.0\",\"ItemBlocks\":[{\"ItemId\":405,\"TotalCount\":4,\"UniqueItems\":[]}]},{\"Version\":\"0.0.0\",\"ItemBlocks\":[{\"ItemId\":392,\"TotalCount\":10,\"UniqueItems\":[]}]},{\"Version\":\"0.0.0\",\"ItemBlocks\":[]},{\"Version\":\"0.0.0\",\"ItemBlocks\":[]},{\"Version\":\"0.0.0\",\"ItemBlocks\":[{\"ItemId\":405,\"TotalCount\":25,\"UniqueItems\":[]}]},{\"Version\":\"0.0.0\",\"ItemBlocks\":[{\"ItemId\":392,\"TotalCount\":11,\"UniqueItems\":[]}]},{\"Version\":\"0.0.0\",\"ItemBlocks\":[]}],\"Modules\":[]},{\"Id\":53,\"Pos\":{\"x\":-785.953247,\"y\":105.6626,\"z\":633.338562},\"Rot\":{\"y\":0.9683289,\"w\":0.249678165},\"Storages\":[],\"Modules\":[]},{\"Id\":53,\"Pos\":{\"x\":-768.949646,\"y\":105.657814,\"z\":625.6804},\"Rot\":{\"y\":-0.8217453,\"w\":0.569855034},\"Storages\":[],\"Modules\":[]},{\"Id\":67,\"Pos\":{\"x\":-774.7731,\"y\":102.644775,\"z\":620.7743},\"Rot\":{\"x\":0.0135563444,\"y\":0.8218519,\"z\":0.0195736215,\"w\":0.569203556},\"Storages\":[{\"Version\":\"0.0.0\",\"ItemBlocks\":[{\"ItemId\":78,\"TotalCount\":24,\"UniqueItems\":[]}]}],\"Modules\":[]},{\"Id\":67,\"Pos\":{\"x\":-771.575439,\"y\":102.680084,\"z\":619.0431},\"Rot\":{\"x\":0.0230776779,\"y\":0.8051383,\"z\":-0.0425367244,\"w\":0.5911096},\"Storages\":[{\"Version\":\"0.0.0\",\"ItemBlocks\":[{\"ItemId\":78,\"TotalCount\":24,\"UniqueItems\":[]}]}],\"Modules\":[]},{\"Id\":32,\"Pos\":{\"x\":-781.3386,\"y\":102.848625,\"z\":617.113831},\"Rot\":{\"x\":0.0106582008,\"y\":0.113717325,\"z\":-0.0411623456,\"w\":-0.9926029},\"Storages\":[{\"Version\":\"0.0.0\",\"ItemBlocks\":[{\"ItemId\":405,\"TotalCount\":50,\"UniqueItems\":[]}]}],\"Modules\":[]},{\"Id\":32,\"Pos\":{\"x\":-781.4147,\"y\":102.812317,\"z\":616.1389},\"Rot\":{\"x\":-0.04039214,\"y\":0.997445,\"z\":-0.01319571,\"w\":0.05742791},\"Storages\":[{\"Version\":\"0.0.0\",\"ItemBlocks\":[{\"ItemId\":405,\"TotalCount\":26,\"UniqueItems\":[]}]}],\"Modules\":[]},{\"Id\":29,\"Pos\":{\"x\":-779.2446,\"y\":102.675591,\"z\":616.4727},\"Rot\":{\"y\":0.1395816,\"w\":-0.9902106},\"Storages\":[{\"Version\":\"0.0.0\",\"ItemBlocks\":[{\"ItemId\":392,\"TotalCount\":1,\"UniqueItems\":[]}]}],\"Modules\":[]},{\"Pos\":{\"x\":-796.326965,\"y\":104.497643,\"z\":629.0059},\"Rot\":{\"x\":-0.00677361,\"y\":0.9827715,\"z\":0.03677811,\"w\":0.181002},\"Storages\":[{\"Version\":\"0.0.0\",\"ItemBlocks\":[{\"ItemId\":479,\"TotalCount\":5,\"UniqueItems\":[]}]}],\"Modules\":[]},{\"Pos\":{\"x\":-798.442932,\"y\":104.501442,\"z\":628.1946},\"Rot\":{\"x\":-0.008128433,\"y\":0.9824705,\"z\":0.0441369824,\"w\":0.180935457},\"Storages\":[{\"Version\":\"0.0.0\",\"ItemBlocks\":[{\"ItemId\":479,\"TotalCount\":5,\"UniqueItems\":[]}]}],\"Modules\":[]},{\"Id\":53,\"Pos\":{\"x\":-805.5059,\"y\":105.634926,\"z\":609.335938},\"Rot\":{\"y\":0.5573039,\"w\":0.8303086},\"Storages\":[],\"Modules\":[]},{\"Id\":53,\"Pos\":{\"x\":-793.6793,\"y\":105.601105,\"z\":590.0226},\"Rot\":{\"y\":-0.1769093,\"w\":0.9842272},\"Storages\":[],\"Modules\":[]},{\"Id\":53,\"Pos\":{\"x\":-789.47644,\"y\":105.625671,\"z\":591.624451},\"Rot\":{\"y\":-0.2084974,\"w\":0.978022933},\"Storages\":[],\"Modules\":[]},{\"Id\":53,\"Pos\":{\"x\":-772.6016,\"y\":105.645279,\"z\":598.0544},\"Rot\":{\"y\":-0.238990963,\"w\":0.971021831},\"Storages\":[],\"Modules\":[]},{\"Id\":27,\"Pos\":{\"x\":-777.2247,\"y\":102.6966,\"z\":616.4161},\"Rot\":{\"x\":-0.0111375572,\"y\":-0.03902168,\"z\":-0.0120429089,\"w\":-0.9991038},\"Storages\":[{\"Version\":\"0.0.0\",\"ItemBlocks\":[]}],\"Modules\":[]},{\"Id\":67,\"Pos\":{\"x\":-784.1095,\"y\":103.044769,\"z\":604.009949},\"Rot\":{\"x\":-0.0225218516,\"y\":0.831785,\"z\":0.0128704216,\"w\":-0.5544915},\"Storages\":[{\"Version\":\"0.0.0\",\"ItemBlocks\":[{\"ItemId\":78,\"TotalCount\":24,\"UniqueItems\":[]}]}],\"Modules\":[]},{\"Id\":67,\"Pos\":{\"x\":-785.0259,\"y\":102.906647,\"z\":606.486755},\"Rot\":{\"x\":-0.0236791335,\"y\":0.794003248,\"z\":0.0118643828,\"w\":-0.6073363},\"Storages\":[{\"Version\":\"0.0.0\",\"ItemBlocks\":[{\"ItemId\":78,\"TotalCount\":24,\"UniqueItems\":[]}]}],\"Modules\":[]},{\"Id\":62,\"Pos\":{\"x\":-780.9711,\"y\":103.12085,\"z\":604.4059},\"Rot\":{\"x\":0.0129789123,\"y\":-0.126915529,\"z\":0.0100324918,\"w\":0.9917779},\"Storages\":[{\"Version\":\"0.0.0\",\"ItemBlocks\":[{\"ItemId\":640,\"TotalCount\":25,\"UniqueItems\":[]}]}],\"Modules\":[]},{\"Id\":53,\"Pos\":{\"x\":-807.113647,\"y\":105.491158,\"z\":613.554138},\"Rot\":{\"y\":0.564277232,\"w\":0.825585365},\"Storages\":[],\"Modules\":[]},{\"Id\":53,\"Pos\":{\"x\":-807.9262,\"y\":105.642281,\"z\":615.6839},\"Rot\":{\"y\":0.5410513,\"w\":0.840989649},\"Storages\":[],\"Modules\":[]},{\"Id\":53,\"Pos\":{\"x\":-809.5291,\"y\":105.603943,\"z\":619.8911},\"Rot\":{\"y\":0.5622563,\"w\":0.826963067},\"Storages\":[],\"Modules\":[]},{\"Id\":53,\"Pos\":{\"x\":-804.7083,\"y\":105.59259,\"z\":607.2407},\"Rot\":{\"y\":0.5356696,\"w\":0.844427645},\"Storages\":[],\"Modules\":[]},{\"Id\":53,\"Pos\":{\"x\":-810.341553,\"y\":105.689751,\"z\":622.0206},\"Rot\":{\"y\":0.539423466,\"w\":0.842034638},\"Storages\":[],\"Modules\":[]},{\"Id\":53,\"Pos\":{\"x\":-803.0788,\"y\":105.665848,\"z\":602.965},\"Rot\":{\"y\":0.6010193,\"w\":0.7992345},\"Storages\":[],\"Modules\":[]},{\"Id\":53,\"Pos\":{\"x\":-807.081238,\"y\":105.582771,\"z\":625.284058},\"Rot\":{\"y\":0.972167134,\"w\":0.234288588},\"Storages\":[],\"Modules\":[]},{\"Id\":53,\"Pos\":{\"x\":-804.9895,\"y\":105.563179,\"z\":626.0795},\"Rot\":{\"y\":0.9791115,\"w\":0.203324154},\"Storages\":[],\"Modules\":[]},{\"Id\":53,\"Pos\":{\"x\":-798.6406,\"y\":105.662506,\"z\":628.5004},\"Rot\":{\"y\":0.974622846,\"w\":0.223853245},\"Storages\":[],\"Modules\":[]},{\"Id\":53,\"Pos\":{\"x\":-783.8569,\"y\":105.609825,\"z\":634.1355},\"Rot\":{\"y\":0.9742382,\"w\":0.22552155},\"Storages\":[],\"Modules\":[]},{\"Id\":53,\"Pos\":{\"x\":-785.2524,\"y\":105.636681,\"z\":593.234436},\"Rot\":{\"y\":-0.208336592,\"w\":0.9780572},\"Storages\":[],\"Modules\":[]},{\"Id\":53,\"Pos\":{\"x\":-781.766357,\"y\":105.67881,\"z\":634.930847},\"Rot\":{\"y\":0.981123865,\"w\":0.193380535},\"Storages\":[],\"Modules\":[]},{\"Id\":53,\"Pos\":{\"x\":-777.542664,\"y\":105.678139,\"z\":636.5398},\"Rot\":{\"y\":0.981284738,\"w\":0.19256258},\"Storages\":[],\"Modules\":[]},{\"Id\":53,\"Pos\":{\"x\":-776.804,\"y\":105.653633,\"z\":596.454651},\"Rot\":{\"y\":-0.205864936,\"w\":0.9785804},\"Storages\":[],\"Modules\":[]},{\"Id\":53,\"Pos\":{\"x\":-774.6885,\"y\":105.646149,\"z\":597.2613},\"Rot\":{\"y\":-0.200033218,\"w\":0.979789138},\"Storages\":[],\"Modules\":[]},{\"Id\":53,\"Pos\":{\"x\":-775.409058,\"y\":105.68071,\"z\":637.3545},\"Rot\":{\"y\":0.9741285,\"w\":0.22599481},\"Storages\":[],\"Modules\":[]},{\"Id\":53,\"Pos\":{\"x\":-770.463257,\"y\":105.624481,\"z\":598.871765},\"Rot\":{\"y\":-0.198544681,\"w\":0.98009187},\"Storages\":[],\"Modules\":[]},{\"Id\":53,\"Pos\":{\"x\":-772.168,\"y\":105.61441,\"z\":634.124146},\"Rot\":{\"y\":-0.8248349,\"w\":0.5653738},\"Storages\":[],\"Modules\":[]},{\"Id\":53,\"Pos\":{\"x\":-768.3413,\"y\":105.634796,\"z\":599.680847},\"Rot\":{\"y\":-0.183115453,\"w\":0.9830914},\"Storages\":[],\"Modules\":[]},{\"Id\":53,\"Pos\":{\"x\":-771.363,\"y\":105.672592,\"z\":632.0121},\"Rot\":{\"y\":-0.825027168,\"w\":0.56509304},\"Storages\":[],\"Modules\":[]},{\"Id\":53,\"Pos\":{\"x\":-766.2422,\"y\":105.6173,\"z\":600.4805},\"Rot\":{\"y\":-0.2023578,\"w\":0.979311645},\"Storages\":[],\"Modules\":[]},{\"Id\":53,\"Pos\":{\"x\":-770.5567,\"y\":105.697311,\"z\":629.8969},\"Rot\":{\"y\":-0.827903748,\"w\":0.56087023},\"Storages\":[],\"Modules\":[]},{\"Id\":53,\"Pos\":{\"x\":-761.983337,\"y\":105.966682,\"z\":602.1036},\"Rot\":{\"y\":-0.150920108,\"w\":0.988545954},\"Storages\":[],\"Modules\":[]},{\"Id\":53,\"Pos\":{\"x\":-769.7529,\"y\":105.659363,\"z\":627.787964},\"Rot\":{\"y\":-0.8251623,\"w\":0.5648957},\"Storages\":[],\"Modules\":[]},{\"Id\":53,\"Pos\":{\"x\":-764.1445,\"y\":105.91539,\"z\":601.2787},\"Rot\":{\"y\":-0.222858891,\"w\":0.9748507},\"Storages\":[],\"Modules\":[]},{\"Id\":53,\"Pos\":{\"x\":-768.140564,\"y\":105.754295,\"z\":623.558},\"Rot\":{\"y\":-0.8309452,\"w\":0.5563543},\"Storages\":[],\"Modules\":[]},{\"Id\":53,\"Pos\":{\"x\":-767.3311,\"y\":105.752571,\"z\":621.4659},\"Rot\":{\"y\":0.87882787,\"w\":-0.477138937},\"Storages\":[],\"Modules\":[]},{\"Id\":53,\"Pos\":{\"x\":-766.5134,\"y\":105.785347,\"z\":619.3159},\"Rot\":{\"y\":0.902400732,\"w\":-0.430897862},\"Storages\":[],\"Modules\":[]},{\"Id\":53,\"Pos\":{\"x\":-760.890259,\"y\":106.080582,\"z\":604.5593},\"Rot\":{\"y\":0.885653436,\"w\":-0.4643469},\"Storages\":[],\"Modules\":[]},{\"Id\":53,\"Pos\":{\"x\":-765.7287,\"y\":105.707733,\"z\":617.230042},\"Rot\":{\"y\":-0.8238587,\"w\":0.5667953},\"Storages\":[],\"Modules\":[]},{\"Id\":53,\"Pos\":{\"x\":-761.7069,\"y\":106.128555,\"z\":606.6785},\"Rot\":{\"y\":-0.8189505,\"w\":0.5738642},\"Storages\":[],\"Modules\":[]},{\"Id\":53,\"Pos\":{\"x\":-762.5122,\"y\":106.218781,\"z\":608.7911},\"Rot\":{\"y\":-0.817649543,\"w\":0.575716257},\"Storages\":[],\"Modules\":[]},{\"Id\":53,\"Pos\":{\"x\":-764.122131,\"y\":106.208427,\"z\":613.0152},\"Rot\":{\"y\":-0.817002833,\"w\":0.576633632},\"Storages\":[],\"Modules\":[]},{\"Id\":53,\"Pos\":{\"x\":-764.900452,\"y\":105.82003,\"z\":615.0694},\"Rot\":{\"y\":-0.8658541,\"w\":0.5002967},\"Storages\":[],\"Modules\":[]},{\"Id\":53,\"Pos\":{\"x\":-763.318665,\"y\":106.221016,\"z\":610.907349},\"Rot\":{\"y\":-0.813443244,\"w\":0.581644356},\"Storages\":[],\"Modules\":[]},{\"Id\":53,\"Pos\":{\"x\":-795.79425,\"y\":105.596283,\"z\":589.216553},\"Rot\":{\"y\":-0.182048589,\"w\":0.98328954},\"Storages\":[],\"Modules\":[]},{\"Id\":53,\"Pos\":{\"x\":-798.268433,\"y\":105.598824,\"z\":590.3452},\"Rot\":{\"y\":0.536118031,\"w\":0.844143033},\"Storages\":[],\"Modules\":[]},{\"Id\":53,\"Pos\":{\"x\":-799.06366,\"y\":105.619965,\"z\":592.434143},\"Rot\":{\"y\":0.565803766,\"w\":0.824539959},\"Storages\":[],\"Modules\":[]},{\"Id\":53,\"Pos\":{\"x\":-799.8699,\"y\":105.604233,\"z\":594.5495},\"Rot\":{\"y\":0.562131464,\"w\":0.8270479},\"Storages\":[],\"Modules\":[]},{\"Id\":36,\"Pos\":{\"x\":-799.08,\"y\":107.901016,\"z\":599.2479},\"Rot\":{\"y\":0.8047331,\"w\":0.5936369},\"Storages\":[{\"Version\":\"0.0.0\",\"ItemBlocks\":[{\"ItemId\":727,\"TotalCount\":1,\"UniqueItems\":[]}]},{\"Version\":\"0.0.0\",\"ItemBlocks\":[{\"ItemId\":727,\"TotalCount\":1,\"UniqueItems\":[]}]},{\"Version\":\"0.0.0\",\"ItemBlocks\":[{\"ItemId\":727,\"TotalCount\":1,\"UniqueItems\":[]}]},{\"Version\":\"0.0.0\",\"ItemBlocks\":[{\"ItemId\":727,\"TotalCount\":1,\"UniqueItems\":[]}]},{\"Version\":\"0.0.0\",\"ItemBlocks\":[{\"ItemId\":727,\"TotalCount\":1,\"UniqueItems\":[]}]},{\"Version\":\"0.0.0\",\"ItemBlocks\":[{\"ItemId\":727,\"TotalCount\":1,\"UniqueItems\":[]}]},{\"Version\":\"0.0.0\",\"ItemBlocks\":[{\"ItemId\":727,\"TotalCount\":1,\"UniqueItems\":[]}]},{\"Version\":\"0.0.0\",\"ItemBlocks\":[{\"ItemId\":727,\"TotalCount\":1,\"UniqueItems\":[]}]},{\"Version\":\"0.0.0\",\"ItemBlocks\":[{\"ItemId\":727,\"TotalCount\":1,\"UniqueItems\":[]}]},{\"Version\":\"0.0.0\",\"ItemBlocks\":[{\"ItemId\":727,\"TotalCount\":1,\"UniqueItems\":[]}]}],\"Modules\":[]},{\"Id\":36,\"Pos\":{\"x\":-796.2191,\"y\":107.903091,\"z\":592.1976},\"Rot\":{\"y\":-0.192266688,\"w\":-0.981342733},\"Storages\":[{\"Version\":\"0.0.0\",\"ItemBlocks\":[{\"ItemId\":727,\"TotalCount\":1,\"UniqueItems\":[]}]},{\"Version\":\"0.0.0\",\"ItemBlocks\":[{\"ItemId\":727,\"TotalCount\":1,\"UniqueItems\":[]}]},{\"Version\":\"0.0.0\",\"ItemBlocks\":[{\"ItemId\":727,\"TotalCount\":1,\"UniqueItems\":[]}]},{\"Version\":\"0.0.0\",\"ItemBlocks\":[{\"ItemId\":727,\"TotalCount\":1,\"UniqueItems\":[]}]},{\"Version\":\"0.0.0\",\"ItemBlocks\":[{\"ItemId\":727,\"TotalCount\":1,\"UniqueItems\":[]}]},{\"Version\":\"0.0.0\",\"ItemBlocks\":[{\"ItemId\":727,\"TotalCount\":1,\"UniqueItems\":[]}]},{\"Version\":\"0.0.0\",\"ItemBlocks\":[{\"ItemId\":727,\"TotalCount\":1,\"UniqueItems\":[]}]},{\"Version\":\"0.0.0\",\"ItemBlocks\":[{\"ItemId\":727,\"TotalCount\":1,\"UniqueItems\":[]}]},{\"Version\":\"0.0.0\",\"ItemBlocks\":[{\"ItemId\":727,\"TotalCount\":1,\"UniqueItems\":[]}]},{\"Version\":\"0.0.0\",\"ItemBlocks\":[{\"ItemId\":727,\"TotalCount\":1,\"UniqueItems\":[]}]}],\"Modules\":[]},{\"Id\":36,\"Pos\":{\"x\":-790.8527,\"y\":107.902359,\"z\":593.712341},\"Rot\":{\"y\":0.605239749,\"w\":-0.796043336},\"Storages\":[{\"Version\":\"0.0.0\",\"ItemBlocks\":[{\"ItemId\":554,\"TotalCount\":1,\"UniqueItems\":[]}]},{\"Version\":\"0.0.0\",\"ItemBlocks\":[{\"ItemId\":554,\"TotalCount\":1,\"UniqueItems\":[]}]},{\"Version\":\"0.0.0\",\"ItemBlocks\":[{\"ItemId\":554,\"TotalCount\":1,\"UniqueItems\":[]}]},{\"Version\":\"0.0.0\",\"ItemBlocks\":[{\"ItemId\":554,\"TotalCount\":1,\"UniqueItems\":[]}]},{\"Version\":\"0.0.0\",\"ItemBlocks\":[{\"ItemId\":554,\"TotalCount\":1,\"UniqueItems\":[]}]},{\"Version\":\"0.0.0\",\"ItemBlocks\":[{\"ItemId\":554,\"TotalCount\":1,\"UniqueItems\":[]}]},{\"Version\":\"0.0.0\",\"ItemBlocks\":[{\"ItemId\":554,\"TotalCount\":1,\"UniqueItems\":[]}]},{\"Version\":\"0.0.0\",\"ItemBlocks\":[{\"ItemId\":554,\"TotalCount\":1,\"UniqueItems\":[]}]},{\"Version\":\"0.0.0\",\"ItemBlocks\":[{\"ItemId\":554,\"TotalCount\":1,\"UniqueItems\":[]}]},{\"Version\":\"0.0.0\",\"ItemBlocks\":[{\"ItemId\":554,\"TotalCount\":1,\"UniqueItems\":[]}]}],\"Modules\":[]},{\"Id\":36,\"Pos\":{\"x\":-793.5239,\"y\":107.901039,\"z\":601.2427},\"Rot\":{\"y\":0.983389437,\"w\":-0.181508213},\"Storages\":[{\"Version\":\"0.0.0\",\"ItemBlocks\":[{\"ItemId\":554,\"TotalCount\":1,\"UniqueItems\":[]}]},{\"Version\":\"0.0.0\",\"ItemBlocks\":[{\"ItemId\":554,\"TotalCount\":1,\"UniqueItems\":[]}]},{\"Version\":\"0.0.0\",\"ItemBlocks\":[{\"ItemId\":554,\"TotalCount\":1,\"UniqueItems\":[]}]},{\"Version\":\"0.0.0\",\"ItemBlocks\":[{\"ItemId\":554,\"TotalCount\":1,\"UniqueItems\":[]}]},{\"Version\":\"0.0.0\",\"ItemBlocks\":[{\"ItemId\":554,\"TotalCount\":1,\"UniqueItems\":[]}]},{\"Version\":\"0.0.0\",\"ItemBlocks\":[{\"ItemId\":554,\"TotalCount\":1,\"UniqueItems\":[]}]},{\"Version\":\"0.0.0\",\"ItemBlocks\":[{\"ItemId\":554,\"TotalCount\":1,\"UniqueItems\":[]}]},{\"Version\":\"0.0.0\",\"ItemBlocks\":[{\"ItemId\":554,\"TotalCount\":1,\"UniqueItems\":[]}]},{\"Version\":\"0.0.0\",\"ItemBlocks\":[{\"ItemId\":554,\"TotalCount\":1,\"UniqueItems\":[]}]},{\"Version\":\"0.0.0\",\"ItemBlocks\":[{\"ItemId\":554,\"TotalCount\":1,\"UniqueItems\":[]}]}],\"Modules\":[]},{\"Id\":23,\"Pos\":{\"x\":-797.3782,\"y\":110.303535,\"z\":591.6873},\"Rot\":{\"x\":7.68792745E-08,\"y\":-0.8233155,\"z\":1.11518077E-07,\"w\":0.5675841},\"Storages\":[],\"Modules\":[]},{\"Id\":23,\"Pos\":{\"x\":-795.5018,\"y\":110.332191,\"z\":590.728943},\"Rot\":{\"x\":5.270187E-12,\"y\":0.983468,\"z\":-2.86226823E-11,\"w\":0.181082264},\"Storages\":[],\"Modules\":[]},{\"Id\":23,\"Pos\":{\"x\":-789.9815,\"y\":110.290794,\"z\":594.6863},\"Rot\":{\"x\":-5.991235E-12,\"y\":0.5674189,\"z\":4.128515E-12,\"w\":0.8234293},\"Storages\":[],\"Modules\":[]},{\"Id\":23,\"Pos\":{\"x\":-791.2456,\"y\":110.345764,\"z\":592.3528},\"Rot\":{\"x\":-1.42476919E-08,\"y\":0.983399,\"z\":7.721502E-08,\"w\":0.181456491},\"Storages\":[],\"Modules\":[]},{\"Id\":23,\"Pos\":{\"x\":-799.834167,\"y\":110.314056,\"z\":598.1384},\"Rot\":{\"x\":4.12709276E-12,\"y\":-0.823564053,\"z\":5.992217E-12,\"w\":0.567223251},\"Storages\":[],\"Modules\":[]},{\"Id\":23,\"Pos\":{\"x\":-798.9116,\"y\":110.324936,\"z\":600.3897},\"Rot\":{\"x\":5.72444835E-11,\"y\":-0.181163847,\"z\":1.05451229E-11,\"w\":0.9834529},\"Storages\":[],\"Modules\":[]},{\"Id\":23,\"Pos\":{\"x\":-794.630859,\"y\":110.284576,\"z\":602.0214},\"Rot\":{\"y\":-0.181164458,\"w\":0.9834528},\"Storages\":[],\"Modules\":[]},{\"Id\":23,\"Pos\":{\"x\":-792.439941,\"y\":110.32814,\"z\":601.1418},\"Rot\":{\"x\":-1.19794938E-11,\"y\":0.5677157,\"z\":8.261348E-12,\"w\":0.8232247},\"Storages\":[],\"Modules\":[]},{\"Id\":95,\"Pos\":{\"x\":-797.2764,\"y\":107.9011,\"z\":599.7018},\"Rot\":{\"y\":-0.973707,\"w\":-0.227804},\"Storages\":[{\"Version\":\"0.0.0\",\"ItemBlocks\":[{\"ItemId\":373,\"TotalCount\":7,\"UniqueItems\":[{\"Modules\":[{\"UpgradeType\":3,\"Version\":\"0.0.0\",\"ModuleId\":9}]},{\"Modules\":[{\"UpgradeType\":3,\"Version\":\"0.0.0\",\"ModuleId\":9}]},{\"Modules\":[{\"UpgradeType\":3,\"Version\":\"0.0.0\",\"ModuleId\":9}]},{\"Modules\":[{\"UpgradeType\":3,\"Version\":\"0.0.0\",\"ModuleId\":9}]},{\"Modules\":[{\"UpgradeType\":3,\"Version\":\"0.0.0\",\"ModuleId\":9}]},{\"Modules\":[{\"UpgradeType\":3,\"Version\":\"0.0.0\",\"ModuleId\":9}]},{\"Modules\":[{\"UpgradeType\":3,\"Version\":\"0.0.0\",\"ModuleId\":9}]}]}]},{\"Version\":\"0.0.0\",\"ItemBlocks\":[{\"ItemId\":373,\"TotalCount\":6,\"UniqueItems\":[{\"Modules\":[{\"UpgradeType\":4,\"Version\":\"0.0.0\",\"ModuleId\":9}]},{\"Modules\":[{\"UpgradeType\":4,\"Version\":\"0.0.0\",\"ModuleId\":9}]},{\"Modules\":[{\"UpgradeType\":4,\"Version\":\"0.0.0\",\"ModuleId\":9}]},{\"Modules\":[{\"UpgradeType\":4,\"Version\":\"0.0.0\",\"ModuleId\":9}]},{\"Modules\":[{\"UpgradeType\":4,\"Version\":\"0.0.0\",\"ModuleId\":9}]},{\"Modules\":[{\"UpgradeType\":4,\"Version\":\"0.0.0\",\"ModuleId\":9}]}]}]},{\"Version\":\"0.0.0\",\"ItemBlocks\":[{\"ItemId\":618,\"TotalCount\":10,\"UniqueItems\":[{\"Modules\":[{\"Version\":\"0.0.0\",\"ModuleId\":9}]},{\"Modules\":[{\"Version\":\"0.0.0\",\"ModuleId\":9}]},{\"Modules\":[{\"Version\":\"0.0.0\",\"ModuleId\":9}]},{\"Modules\":[{\"Version\":\"0.0.0\",\"ModuleId\":9}]},{\"Modules\":[{\"Version\":\"0.0.0\",\"ModuleId\":9}]},{\"Modules\":[{\"Version\":\"0.0.0\",\"ModuleId\":9}]},{\"Modules\":[{\"Version\":\"0.0.0\",\"ModuleId\":9}]},{\"Modules\":[{\"Version\":\"0.0.0\",\"ModuleId\":9}]},{\"Modules\":[{\"Version\":\"0.0.0\",\"ModuleId\":9}]},{\"Modules\":[{\"Version\":\"0.0.0\",\"ModuleId\":9}]}]}]},{\"Version\":\"0.0.0\",\"ItemBlocks\":[{\"ItemId\":373,\"TotalCount\":10,\"UniqueItems\":[{\"Modules\":[{\"UpgradeType\":4,\"Version\":\"0.0.0\",\"ModuleId\":9}]},{\"Modules\":[{\"UpgradeType\":4,\"Version\":\"0.0.0\",\"ModuleId\":9}]},{\"Modules\":[{\"UpgradeType\":4,\"Version\":\"0.0.0\",\"ModuleId\":9}]},{\"Modules\":[{\"UpgradeType\":4,\"Version\":\"0.0.0\",\"ModuleId\":9}]},{\"Modules\":[{\"UpgradeType\":4,\"Version\":\"0.0.0\",\"ModuleId\":9}]},{\"Modules\":[{\"UpgradeType\":4,\"Version\":\"0.0.0\",\"ModuleId\":9}]},{\"Modules\":[{\"UpgradeType\":4,\"Version\":\"0.0.0\",\"ModuleId\":9}]},{\"Modules\":[{\"UpgradeType\":4,\"Version\":\"0.0.0\",\"ModuleId\":9}]},{\"Modules\":[{\"UpgradeType\":4,\"Version\":\"0.0.0\",\"ModuleId\":9}]},{\"Modules\":[{\"UpgradeType\":4,\"Version\":\"0.0.0\",\"ModuleId\":9}]}]}]},{\"Version\":\"0.0.0\",\"ItemBlocks\":[{\"ItemId\":373,\"TotalCount\":1,\"UniqueItems\":[{\"Modules\":[{\"UpgradeType\":3,\"Version\":\"0.0.0\",\"ModuleId\":9}]}]}]}],\"Modules\":[]},{\"Id\":95,\"Pos\":{\"x\":-794.6303,\"y\":107.904015,\"z\":592.4251},\"Rot\":{\"y\":0.134696543,\"w\":-0.9908869},\"Storages\":[{\"Version\":\"0.0.0\",\"ItemBlocks\":[{\"ItemId\":373,\"TotalCount\":10,\"UniqueItems\":[{\"Modules\":[{\"Version\":\"0.0.0\",\"ModuleId\":9}]},{\"Modules\":[{\"Version\":\"0.0.0\",\"ModuleId\":9}]},{\"Modules\":[{\"Version\":\"0.0.0\",\"ModuleId\":9}]},{\"Modules\":[{\"Version\":\"0.0.0\",\"ModuleId\":9}]},{\"Modules\":[{\"Version\":\"0.0.0\",\"ModuleId\":9}]},{\"Modules\":[{\"Version\":\"0.0.0\",\"ModuleId\":9}]},{\"Modules\":[{\"Version\":\"0.0.0\",\"ModuleId\":9}]},{\"Modules\":[{\"Version\":\"0.0.0\",\"ModuleId\":9}]},{\"Modules\":[{\"Version\":\"0.0.0\",\"ModuleId\":9}]},{\"Modules\":[{\"Version\":\"0.0.0\",\"ModuleId\":9}]}]}]},{\"Version\":\"0.0.0\",\"ItemBlocks\":[{\"ItemId\":373,\"TotalCount\":10,\"UniqueItems\":[{\"Modules\":[{\"Version\":\"0.0.0\",\"ModuleId\":9}]},{\"Modules\":[{\"Version\":\"0.0.0\",\"ModuleId\":9}]},{\"Modules\":[{\"Version\":\"0.0.0\",\"ModuleId\":9}]},{\"Modules\":[{\"Version\":\"0.0.0\",\"ModuleId\":9}]},{\"Modules\":[{\"Version\":\"0.0.0\",\"ModuleId\":9}]},{\"Modules\":[{\"Version\":\"0.0.0\",\"ModuleId\":9}]},{\"Modules\":[{\"Version\":\"0.0.0\",\"ModuleId\":9}]},{\"Modules\":[{\"Version\":\"0.0.0\",\"ModuleId\":9}]},{\"Modules\":[{\"Version\":\"0.0.0\",\"ModuleId\":9}]},{\"Modules\":[{\"Version\":\"0.0.0\",\"ModuleId\":9}]}]}]},{\"Version\":\"0.0.0\",\"ItemBlocks\":[{\"ItemId\":618,\"TotalCount\":10,\"UniqueItems\":[{\"Modules\":[{\"Version\":\"0.0.0\",\"ModuleId\":9}]},{\"Modules\":[{\"Version\":\"0.0.0\",\"ModuleId\":9}]},{\"Modules\":[{\"Version\":\"0.0.0\",\"ModuleId\":9}]},{\"Modules\":[{\"Version\":\"0.0.0\",\"ModuleId\":9}]},{\"Modules\":[{\"Version\":\"0.0.0\",\"ModuleId\":9}]},{\"Modules\":[{\"Version\":\"0.0.0\",\"ModuleId\":9}]},{\"Modules\":[{\"Version\":\"0.0.0\",\"ModuleId\":9}]},{\"Modules\":[{\"Version\":\"0.0.0\",\"ModuleId\":9}]},{\"Modules\":[{\"Version\":\"0.0.0\",\"ModuleId\":9}]},{\"Modules\":[{\"Version\":\"0.0.0\",\"ModuleId\":9}]}]}]},{\"Version\":\"0.0.0\",\"ItemBlocks\":[{\"ItemId\":507,\"TotalCount\":10,\"UniqueItems\":[{\"Modules\":[{\"Version\":\"0.0.0\",\"ModuleId\":9}]},{\"Modules\":[{\"Version\":\"0.0.0\",\"ModuleId\":9}]},{\"Modules\":[{\"Version\":\"0.0.0\",\"ModuleId\":9}]},{\"Modules\":[{\"Version\":\"0.0.0\",\"ModuleId\":9}]},{\"Modules\":[{\"Version\":\"0.0.0\",\"ModuleId\":9}]},{\"Modules\":[{\"Version\":\"0.0.0\",\"ModuleId\":9}]},{\"Modules\":[{\"Version\":\"0.0.0\",\"ModuleId\":9}]},{\"Modules\":[{\"Version\":\"0.0.0\",\"ModuleId\":9}]},{\"Modules\":[{\"Version\":\"0.0.0\",\"ModuleId\":9}]},{\"Modules\":[{\"Version\":\"0.0.0\",\"ModuleId\":9}]}]}]},{\"Version\":\"0.0.0\",\"ItemBlocks\":[{\"ItemId\":618,\"TotalCount\":10,\"UniqueItems\":[{\"Modules\":[{\"Version\":\"0.0.0\",\"ModuleId\":9}]},{\"Modules\":[{\"Version\":\"0.0.0\",\"ModuleId\":9}]},{\"Modules\":[{\"Version\":\"0.0.0\",\"ModuleId\":9}]},{\"Modules\":[{\"Version\":\"0.0.0\",\"ModuleId\":9}]},{\"Modules\":[{\"Version\":\"0.0.0\",\"ModuleId\":9}]},{\"Modules\":[{\"Version\":\"0.0.0\",\"ModuleId\":9}]},{\"Modules\":[{\"Version\":\"0.0.0\",\"ModuleId\":9}]},{\"Modules\":[{\"Version\":\"0.0.0\",\"ModuleId\":9}]},{\"Modules\":[{\"Version\":\"0.0.0\",\"ModuleId\":9}]},{\"Modules\":[{\"Version\":\"0.0.0\",\"ModuleId\":9}]}]}]}],\"Modules\":[]},{\"Id\":68,\"Pos\":{\"x\":-790.0543,\"y\":104.4726,\"z\":605.3607},\"Rot\":{\"y\":0.6007812,\"w\":0.7994135},\"Storages\":[],\"Modules\":[]},{\"Id\":53,\"Pos\":{\"x\":-802.2828,\"y\":105.544319,\"z\":600.8797},\"Rot\":{\"y\":0.56866926,\"w\":0.8225663},\"Storages\":[],\"Modules\":[]},{\"Id\":53,\"Pos\":{\"x\":-791.579,\"y\":105.652168,\"z\":590.8235},\"Rot\":{\"y\":-0.193923309,\"w\":0.9810167},\"Storages\":[],\"Modules\":[]},{\"Id\":48,\"Pos\":{\"x\":-798.9566,\"y\":103.852814,\"z\":593.643555},\"Rot\":{\"y\":0.172038645,\"w\":-0.985090256},\"Storages\":[],\"Modules\":[]},{\"Id\":80,\"Pos\":{\"x\":-790.966736,\"y\":103.852814,\"z\":592.3153},\"Rot\":{\"y\":0.9761829,\"w\":0.216949373},\"Storages\":[],\"Modules\":[]},{\"Id\":97,\"Pos\":{\"x\":-797.678955,\"y\":103.852814,\"z\":594.0092},\"Rot\":{\"y\":0.5834019,\"w\":-0.812183559},\"Storages\":[],\"Modules\":[]},{\"Id\":91,\"Pos\":{\"x\":-790.942261,\"y\":103.852814,\"z\":599.3798},\"Rot\":{\"y\":-0.830896258,\"w\":0.5564275},\"Storages\":[],\"Modules\":[]},{\"Id\":97,\"Pos\":{\"x\":-794.6805,\"y\":103.852814,\"z\":598.9243},\"Rot\":{\"y\":-0.867708862,\"w\":0.497072846},\"Storages\":[],\"Modules\":[]},{\"Id\":97,\"Pos\":{\"x\":-795.3617,\"y\":103.852814,\"z\":596.5006},\"Rot\":{\"y\":0.20252499,\"w\":-0.9792771},\"Storages\":[],\"Modules\":[]},{\"Id\":36,\"Pos\":{\"x\":-796.0044,\"y\":103.852814,\"z\":591.200745},\"Rot\":{\"y\":0.5234771,\"w\":0.8520398},\"Storages\":[{\"Version\":\"0.0.0\",\"ItemBlocks\":[{\"ItemId\":727,\"TotalCount\":1,\"UniqueItems\":[]}]},{\"Version\":\"0.0.0\",\"ItemBlocks\":[]},{\"Version\":\"0.0.0\",\"ItemBlocks\":[{\"ItemId\":727,\"TotalCount\":1,\"UniqueItems\":[]}]},{\"Version\":\"0.0.0\",\"ItemBlocks\":[]},{\"Version\":\"0.0.0\",\"ItemBlocks\":[{\"ItemId\":727,\"TotalCount\":1,\"UniqueItems\":[]}]},{\"Version\":\"0.0.0\",\"ItemBlocks\":[{\"ItemId\":727,\"TotalCount\":1,\"UniqueItems\":[]}]},{\"Version\":\"0.0.0\",\"ItemBlocks\":[{\"ItemId\":727,\"TotalCount\":1,\"UniqueItems\":[]}]},{\"Version\":\"0.0.0\",\"ItemBlocks\":[{\"ItemId\":727,\"TotalCount\":1,\"UniqueItems\":[]}]},{\"Version\":\"0.0.0\",\"ItemBlocks\":[{\"ItemId\":727,\"TotalCount\":1,\"UniqueItems\":[]}]},{\"Version\":\"0.0.0\",\"ItemBlocks\":[{\"ItemId\":727,\"TotalCount\":1,\"UniqueItems\":[]}]}],\"Modules\":[]},{\"Id\":36,\"Pos\":{\"x\":-799.245,\"y\":103.852814,\"z\":599.6414},\"Rot\":{\"y\":0.5234771,\"w\":0.8520398},\"Storages\":[{\"Version\":\"0.0.0\",\"ItemBlocks\":[{\"ItemId\":554,\"TotalCount\":1,\"UniqueItems\":[]}]},{\"Version\":\"0.0.0\",\"ItemBlocks\":[{\"ItemId\":554,\"TotalCount\":1,\"UniqueItems\":[]}]},{\"Version\":\"0.0.0\",\"ItemBlocks\":[{\"ItemId\":554,\"TotalCount\":1,\"UniqueItems\":[]}]},{\"Version\":\"0.0.0\",\"ItemBlocks\":[{\"ItemId\":554,\"TotalCount\":1,\"UniqueItems\":[]}]},{\"Version\":\"0.0.0\",\"ItemBlocks\":[{\"ItemId\":554,\"TotalCount\":1,\"UniqueItems\":[]}]},{\"Version\":\"0.0.0\",\"ItemBlocks\":[{\"ItemId\":554,\"TotalCount\":1,\"UniqueItems\":[]}]},{\"Version\":\"0.0.0\",\"ItemBlocks\":[{\"ItemId\":554,\"TotalCount\":1,\"UniqueItems\":[]}]},{\"Version\":\"0.0.0\",\"ItemBlocks\":[{\"ItemId\":554,\"TotalCount\":1,\"UniqueItems\":[]}]},{\"Version\":\"0.0.0\",\"ItemBlocks\":[{\"ItemId\":554,\"TotalCount\":1,\"UniqueItems\":[]}]},{\"Version\":\"0.0.0\",\"ItemBlocks\":[{\"ItemId\":554,\"TotalCount\":1,\"UniqueItems\":[]}]}],\"Modules\":[]},{\"Id\":36,\"Pos\":{\"x\":-793.723938,\"y\":103.852814,\"z\":590.2195},\"Rot\":{\"y\":-0.155260429,\"w\":0.9878736},\"Storages\":[{\"Version\":\"0.0.0\",\"ItemBlocks\":[{\"ItemId\":593,\"TotalCount\":1,\"UniqueItems\":[]}]},{\"Version\":\"0.0.0\",\"ItemBlocks\":[{\"ItemId\":593,\"TotalCount\":1,\"UniqueItems\":[]}]},{\"Version\":\"0.0.0\",\"ItemBlocks\":[{\"ItemId\":593,\"TotalCount\":1,\"UniqueItems\":[]}]},{\"Version\":\"0.0.0\",\"ItemBlocks\":[{\"ItemId\":593,\"TotalCount\":1,\"UniqueItems\":[]}]},{\"Version\":\"0.0.0\",\"ItemBlocks\":[{\"ItemId\":593,\"TotalCount\":1,\"UniqueItems\":[]}]},{\"Version\":\"0.0.0\",\"ItemBlocks\":[{\"ItemId\":593,\"TotalCount\":1,\"UniqueItems\":[]}]},{\"Version\":\"0.0.0\",\"ItemBlocks\":[{\"ItemId\":593,\"TotalCount\":1,\"UniqueItems\":[]}]},{\"Version\":\"0.0.0\",\"ItemBlocks\":[{\"ItemId\":593,\"TotalCount\":1,\"UniqueItems\":[]}]},{\"Version\":\"0.0.0\",\"ItemBlocks\":[{\"ItemId\":593,\"TotalCount\":1,\"UniqueItems\":[]}]},{\"Version\":\"0.0.0\",\"ItemBlocks\":[{\"ItemId\":593,\"TotalCount\":1,\"UniqueItems\":[]}]}],\"Modules\":[]},{\"Id\":95,\"Pos\":{\"x\":-797.347656,\"y\":103.852814,\"z\":589.0985},\"Rot\":{\"y\":-0.198311478,\"w\":-0.9801391},\"Storages\":[{\"Version\":\"0.0.0\",\"ItemBlocks\":[{\"ItemId\":618,\"TotalCount\":10,\"UniqueItems\":[{\"Modules\":[{\"Version\":\"0.0.0\",\"ModuleId\":9}]},{\"Modules\":[{\"Version\":\"0.0.0\",\"ModuleId\":9}]},{\"Modules\":[{\"Version\":\"0.0.0\",\"ModuleId\":9}]},{\"Modules\":[{\"Version\":\"0.0.0\",\"ModuleId\":9}]},{\"Modules\":[{\"Version\":\"0.0.0\",\"ModuleId\":9}]},{\"Modules\":[{\"Version\":\"0.0.0\",\"ModuleId\":9}]},{\"Modules\":[{\"Version\":\"0.0.0\",\"ModuleId\":9}]},{\"Modules\":[{\"Version\":\"0.0.0\",\"ModuleId\":9}]},{\"Modules\":[{\"Version\":\"0.0.0\",\"ModuleId\":9}]},{\"Modules\":[{\"Version\":\"0.0.0\",\"ModuleId\":9}]}]}]},{\"Version\":\"0.0.0\",\"ItemBlocks\":[{\"ItemId\":618,\"TotalCount\":10,\"UniqueItems\":[{\"Modules\":[{\"Version\":\"0.0.0\",\"ModuleId\":9}]},{\"Modules\":[{\"Version\":\"0.0.0\",\"ModuleId\":9}]},{\"Modules\":[{\"Version\":\"0.0.0\",\"ModuleId\":9}]},{\"Modules\":[{\"Version\":\"0.0.0\",\"ModuleId\":9}]},{\"Modules\":[{\"Version\":\"0.0.0\",\"ModuleId\":9}]},{\"Modules\":[{\"Version\":\"0.0.0\",\"ModuleId\":9}]},{\"Modules\":[{\"Version\":\"0.0.0\",\"ModuleId\":9}]},{\"Modules\":[{\"Version\":\"0.0.0\",\"ModuleId\":9}]},{\"Modules\":[{\"Version\":\"0.0.0\",\"ModuleId\":9}]},{\"Modules\":[{\"Version\":\"0.0.0\",\"ModuleId\":9}]}]}]},{\"Version\":\"0.0.0\",\"ItemBlocks\":[{\"ItemId\":507,\"TotalCount\":10,\"UniqueItems\":[{\"Modules\":[{\"Version\":\"0.0.0\",\"ModuleId\":9}]},{\"Modules\":[{\"Version\":\"0.0.0\",\"ModuleId\":9}]},{\"Modules\":[{\"Version\":\"0.0.0\",\"ModuleId\":9}]},{\"Modules\":[{\"Version\":\"0.0.0\",\"ModuleId\":9}]},{\"Modules\":[{\"Version\":\"0.0.0\",\"ModuleId\":9}]},{\"Modules\":[{\"Version\":\"0.0.0\",\"ModuleId\":9}]},{\"Modules\":[{\"Version\":\"0.0.0\",\"ModuleId\":9}]},{\"Modules\":[{\"Version\":\"0.0.0\",\"ModuleId\":9}]},{\"Modules\":[{\"Version\":\"0.0.0\",\"ModuleId\":9}]},{\"Modules\":[{\"Version\":\"0.0.0\",\"ModuleId\":9}]}]}]},{\"Version\":\"0.0.0\",\"ItemBlocks\":[{\"ItemId\":507,\"TotalCount\":10,\"UniqueItems\":[{\"Modules\":[{\"Version\":\"0.0.0\",\"ModuleId\":9}]},{\"Modules\":[{\"Version\":\"0.0.0\",\"ModuleId\":9}]},{\"Modules\":[{\"Version\":\"0.0.0\",\"ModuleId\":9}]},{\"Modules\":[{\"Version\":\"0.0.0\",\"ModuleId\":9}]},{\"Modules\":[{\"Version\":\"0.0.0\",\"ModuleId\":9}]},{\"Modules\":[{\"Version\":\"0.0.0\",\"ModuleId\":9}]},{\"Modules\":[{\"Version\":\"0.0.0\",\"ModuleId\":9}]},{\"Modules\":[{\"Version\":\"0.0.0\",\"ModuleId\":9}]},{\"Modules\":[{\"Version\":\"0.0.0\",\"ModuleId\":9}]},{\"Modules\":[{\"Version\":\"0.0.0\",\"ModuleId\":9}]}]}]},{\"Version\":\"0.0.0\",\"ItemBlocks\":[{\"ItemId\":373,\"TotalCount\":10,\"UniqueItems\":[{\"Modules\":[{\"Version\":\"0.0.0\",\"ModuleId\":9}]},{\"Modules\":[{\"Version\":\"0.0.0\",\"ModuleId\":9}]},{\"Modules\":[{\"Version\":\"0.0.0\",\"ModuleId\":9}]},{\"Modules\":[{\"Version\":\"0.0.0\",\"ModuleId\":9}]},{\"Modules\":[{\"Version\":\"0.0.0\",\"ModuleId\":9}]},{\"Modules\":[{\"Version\":\"0.0.0\",\"ModuleId\":9}]},{\"Modules\":[{\"Version\":\"0.0.0\",\"ModuleId\":9}]},{\"Modules\":[{\"Version\":\"0.0.0\",\"ModuleId\":9}]},{\"Modules\":[{\"Version\":\"0.0.0\",\"ModuleId\":9}]},{\"Modules\":[{\"Version\":\"0.0.0\",\"ModuleId\":9}]}]}]}],\"Modules\":[]},{\"Id\":95,\"Pos\":{\"x\":-798.0182,\"y\":103.852814,\"z\":590.435547},\"Rot\":{\"y\":-0.572692454,\"w\":-0.819770336},\"Storages\":[{\"Version\":\"0.0.0\",\"ItemBlocks\":[{\"ItemId\":368,\"TotalCount\":10,\"UniqueItems\":[]}]},{\"Version\":\"0.0.0\",\"ItemBlocks\":[{\"ItemId\":373,\"TotalCount\":10,\"UniqueItems\":[{\"Modules\":[{\"Version\":\"0.0.0\",\"ModuleId\":9}]},{\"Modules\":[{\"Version\":\"0.0.0\",\"ModuleId\":9}]},{\"Modules\":[{\"Version\":\"0.0.0\",\"ModuleId\":9}]},{\"Modules\":[{\"Version\":\"0.0.0\",\"ModuleId\":9}]},{\"Modules\":[{\"Version\":\"0.0.0\",\"ModuleId\":9}]},{\"Modules\":[{\"Version\":\"0.0.0\",\"ModuleId\":9}]},{\"Modules\":[{\"Version\":\"0.0.0\",\"ModuleId\":9}]},{\"Modules\":[{\"Version\":\"0.0.0\",\"ModuleId\":9}]},{\"Modules\":[{\"Version\":\"0.0.0\",\"ModuleId\":9}]},{\"Modules\":[{\"Version\":\"0.0.0\",\"ModuleId\":9}]}]}]},{\"Version\":\"0.0.0\",\"ItemBlocks\":[{\"ItemId\":368,\"TotalCount\":10,\"UniqueItems\":[]}]},{\"Version\":\"0.0.0\",\"ItemBlocks\":[]},{\"Version\":\"0.0.0\",\"ItemBlocks\":[]}],\"Modules\":[]},{\"Id\":49,\"Pos\":{\"x\":-795.0829,\"y\":103.852814,\"z\":603.0994},\"Rot\":{\"y\":0.200340882,\"w\":-0.979726255},\"Storages\":[{\"Version\":\"0.0.0\",\"ItemBlocks\":[]},{\"Version\":\"0.0.0\",\"ItemBlocks\":[]},{\"Version\":\"0.0.0\",\"ItemBlocks\":[]},{\"Version\":\"0.0.0\",\"ItemBlocks\":[]},{\"Version\":\"0.0.0\",\"ItemBlocks\":[{\"ItemId\":425,\"TotalCount\":4,\"UniqueItems\":[]}]},{\"Version\":\"0.0.0\",\"ItemBlocks\":[{\"ItemId\":421,\"TotalCount\":4,\"UniqueItems\":[]}]},{\"Version\":\"0.0.0\",\"ItemBlocks\":[{\"ItemId\":438,\"TotalCount\":6,\"UniqueItems\":[]}]},{\"Version\":\"0.0.0\",\"ItemBlocks\":[{\"ItemId\":401,\"TotalCount\":4,\"UniqueItems\":[]}]},{\"Version\":\"0.0.0\",\"ItemBlocks\":[]},{\"Version\":\"0.0.0\",\"ItemBlocks\":[{\"ItemId\":434,\"TotalCount\":6,\"UniqueItems\":[]}]},{\"Version\":\"0.0.0\",\"ItemBlocks\":[]},{\"Version\":\"0.0.0\",\"ItemBlocks\":[]}],\"Modules\":[]},{\"Id\":82,\"Pos\":{\"x\":-778.7619,\"y\":103.5232,\"z\":596.352234},\"Rot\":{\"x\":-0.009139548,\"y\":0.981015444,\"z\":0.0136232218,\"w\":0.193234578},\"Storages\":[{\"Version\":\"0.0.0\",\"ItemBlocks\":[{\"ItemId\":474,\"TotalCount\":10,\"UniqueItems\":[{\"Modules\":[{\"Version\":\"0.0.0\"}]},{\"Modules\":[{\"Version\":\"0.0.0\"}]},{\"Modules\":[{\"Version\":\"0.0.0\"}]},{\"Modules\":[{\"Version\":\"0.0.0\"}]},{\"Modules\":[{\"Version\":\"0.0.0\"}]},{\"Modules\":[{\"Version\":\"0.0.0\"}]},{\"Modules\":[{\"Version\":\"0.0.0\"}]},{\"Modules\":[{\"Version\":\"0.0.0\"}]},{\"Modules\":[{\"Version\":\"0.0.0\"}]},{\"Modules\":[{\"Version\":\"0.0.0\"}]}]}]}],\"Modules\":[]},{\"Id\":75,\"Pos\":{\"x\":-792.6703,\"y\":103.852814,\"z\":596.9757},\"Rot\":{\"y\":0.9784218,\"w\":0.206617519},\"Storages\":[],\"Modules\":[]},{\"Id\":53,\"Pos\":{\"x\":-788.1206,\"y\":105.648918,\"z\":632.509},\"Rot\":{\"y\":0.9862652,\"w\":0.16516988},\"Storages\":[],\"Modules\":[]},{\"Id\":22,\"Pos\":{\"x\":-1136.28918,\"y\":134.76889,\"z\":-180.098389},\"Rot\":{\"y\":0.703312635,\"w\":0.710880756},\"Storages\":[],\"Modules\":[]},{\"Id\":67,\"Pos\":{\"x\":-1119.61426,\"y\":130.6975,\"z\":-166.265961},\"Rot\":{\"x\":-0.007707512,\"y\":0.982348442,\"z\":-0.0281767529,\"w\":0.184765548},\"Storages\":[{\"Version\":\"0.0.0\",\"ItemBlocks\":[{\"ItemId\":78,\"TotalCount\":24,\"UniqueItems\":[]}]}],\"Modules\":[]},{\"Id\":67,\"Pos\":{\"x\":-1120.83655,\"y\":130.751709,\"z\":-161.599319},\"Rot\":{\"x\":0.0283340216,\"y\":0.9815434,\"z\":-0.0410786644,\"w\":0.184614137},\"Storages\":[{\"Version\":\"0.0.0\",\"ItemBlocks\":[{\"ItemId\":78,\"TotalCount\":24,\"UniqueItems\":[]}]}],\"Modules\":[]},{\"Id\":53,\"Pos\":{\"x\":-1140.54675,\"y\":136.817764,\"z\":-181.123062},\"Rot\":{\"y\":0.0406037755,\"w\":0.99917537},\"Storages\":[],\"Modules\":[]},{\"Id\":53,\"Pos\":{\"x\":-1142.3584,\"y\":136.7798,\"z\":-172.602829},\"Rot\":{\"y\":0.999168932,\"w\":-0.04076075},\"Storages\":[],\"Modules\":[]},{\"Id\":53,\"Pos\":{\"x\":-1144.09644,\"y\":136.71048,\"z\":-172.4577},\"Rot\":{\"y\":0.999176145,\"w\":-0.04058424},\"Storages\":[],\"Modules\":[]},{\"Id\":53,\"Pos\":{\"x\":-1147.31311,\"y\":136.8159,\"z\":-174.105927},\"Rot\":{\"y\":0.7281417,\"w\":0.6854266},\"Storages\":[],\"Modules\":[]},{\"Id\":53,\"Pos\":{\"x\":-1147.49182,\"y\":137.040909,\"z\":-176.344757},\"Rot\":{\"y\":0.735267341,\"w\":0.677777231},\"Storages\":[],\"Modules\":[]},{\"Id\":53,\"Pos\":{\"x\":-1147.93555,\"y\":137.059464,\"z\":-181.806641},\"Rot\":{\"y\":0.735267341,\"w\":0.677777231},\"Storages\":[],\"Modules\":[]},{\"Id\":53,\"Pos\":{\"x\":-1147.7854,\"y\":137.224869,\"z\":-179.982788},\"Rot\":{\"y\":0.735267341,\"w\":0.677777231},\"Storages\":[],\"Modules\":[]},{\"Id\":53,\"Pos\":{\"x\":-1139.561,\"y\":136.974823,\"z\":-172.8295},\"Rot\":{\"y\":0.9991738,\"w\":-0.0406410322},\"Storages\":[],\"Modules\":[]},{\"Id\":53,\"Pos\":{\"x\":-1132.34045,\"y\":137.052475,\"z\":-176.515564},\"Rot\":{\"y\":-0.677777231,\"w\":0.735267341},\"Storages\":[],\"Modules\":[]},{\"Id\":53,\"Pos\":{\"x\":-1133.3158,\"y\":137.26622,\"z\":-173.344391},\"Rot\":{\"y\":0.9991738,\"w\":-0.04064103},\"Storages\":[],\"Modules\":[]},{\"Id\":53,\"Pos\":{\"x\":-1135.20166,\"y\":137.302689,\"z\":-173.1872},\"Rot\":{\"y\":0.9991738,\"w\":-0.04064103},\"Storages\":[],\"Modules\":[]},{\"Id\":53,\"Pos\":{\"x\":-1135.8761,\"y\":137.320328,\"z\":-181.495636},\"Rot\":{\"y\":0.04064103,\"w\":0.9991738},\"Storages\":[],\"Modules\":[]},{\"Id\":53,\"Pos\":{\"x\":-1132.67114,\"y\":137.375809,\"z\":-180.505447},\"Rot\":{\"y\":-0.677777231,\"w\":0.735267341},\"Storages\":[],\"Modules\":[]},{\"Id\":53,\"Pos\":{\"x\":-1132.51489,\"y\":137.22731,\"z\":-178.6571},\"Rot\":{\"y\":-0.677777231,\"w\":0.735267341},\"Storages\":[],\"Modules\":[]},{\"Id\":53,\"Pos\":{\"x\":-1138.22009,\"y\":137.005188,\"z\":-181.305054},\"Rot\":{\"y\":0.04089531,\"w\":0.999163449},\"Storages\":[],\"Modules\":[]},{\"Id\":103,\"Pos\":{\"x\":-1142.14282,\"y\":134.7689,\"z\":-183.864883},\"Rot\":{\"y\":0.7866898,\"w\":-0.6173485},\"Storages\":[],\"Modules\":[]}]}"}}